date,avg_polarity,avg_confidence
2017-12-18,0.0,0.6905496716499329
2017-12-19,0.0,0.0
2017-12-20,0.0,0.0
2017-12-21,0.0,0.0
2017-12-22,0.0,0.0
2017-12-23,0.930562436580658,0.930562436580658
2017-12-24,0.0,0.8160114288330078
2017-12-25,0.5411333441734314,0.5411333441734314
2017-12-26,0.0,0.0
2017-12-27,0.0,0.0
2017-12-28,0.0,0.0
2017-12-29,0.0,0.0
2017-12-30,0.0,0.0
2017-12-31,0.0,0.0
2018-01-01,0.0,0.0
2018-01-02,0.437653124332428,0.7333902418613434
2018-01-03,0.9401180148124695,0.9401180148124695
2018-01-04,0.9454805850982666,0.9454805850982666
2018-01-05,0.0,0.0
2018-01-06,-0.948433518409729,0.948433518409729
2018-01-07,0.0,0.0
2018-01-08,0.0,0.0
2018-01-09,0.0,0.0
2018-01-10,0.0,0.0
2018-01-11,0.0,0.0
2018-01-12,0.0,0.0
2018-01-13,0.0,0.0
2018-01-14,0.0,0.0
2018-01-15,0.0,0.8430445790290833
2018-01-16,-0.006897568702697754,0.9583323001861572
2018-01-17,0.35444459319114685,0.793593168258667
2018-01-18,0.0,0.7491142153739929
2018-01-19,0.9533019065856934,0.9533019065856934
2018-01-20,0.8103417158126831,0.8103417158126831
2018-01-21,0.0,0.0
2018-01-22,0.9292410016059875,0.9292410016059875
2018-01-23,0.0,0.0
2018-01-24,0.7957976460456848,0.7957976460456848
2018-01-25,0.8825950622558594,0.8825950622558594
2018-01-26,0.0,0.0
2018-01-27,0.0,0.0
2018-01-28,0.0,0.0
2018-01-29,0.0,0.0
2018-01-30,0.8343406617641449,0.8343406617641449
2018-01-31,0.0,0.0
2018-02-01,0.0,0.0
2018-02-02,0.0,0.0
2018-02-03,0.538124680519104,0.538124680519104
2018-02-04,0.0,0.0
2018-02-05,0.0,0.9450727105140686
2018-02-06,0.0,0.9409173130989075
2018-02-07,0.0,0.0
2018-02-08,0.0,0.5899754762649536
2018-02-09,0.0,0.0
2018-02-10,0.0,0.0
2018-02-11,0.0,0.0
2018-02-12,0.0,0.0
2018-02-13,0.0,0.0
2018-02-14,0.0,0.0
2018-02-15,0.0,0.9249542355537415
2018-02-16,0.0,0.0
2018-02-17,0.0,0.8933157920837402
2018-02-18,0.0,0.0
2018-02-19,0.5113226175308228,0.5113226175308228
2018-02-20,0.0,0.0
2018-02-21,0.28555065393447876,0.7501586675643921
2018-02-22,-0.6962245106697083,0.6962245106697083
2018-02-23,0.6788218021392822,0.6788218021392822
2018-02-24,0.0,0.0
2018-02-25,0.0,0.0
2018-02-26,0.9349796175956726,0.9349796175956726
2018-02-27,0.7377697229385376,0.7377697229385376
2018-02-28,-0.7282325029373169,0.7282325029373169
2018-03-01,0.0,0.0
2018-03-02,0.0,0.0
2018-03-03,0.0,0.0
2018-03-04,0.0,0.0
2018-03-05,0.0,0.0
2018-03-06,0.865267276763916,0.865267276763916
2018-03-07,0.0,0.0
2018-03-08,0.0,0.0
2018-03-09,0.0,0.0
2018-03-10,0.0,0.0
2018-03-11,0.0,0.0
2018-03-12,0.0,0.0
2018-03-13,0.7929084300994873,0.7929084300994873
2018-03-14,0.0,0.0
2018-03-15,0.0,0.0
2018-03-16,0.769004225730896,0.769004225730896
2018-03-17,0.7775931358337402,0.7775931358337402
2018-03-18,0.0,0.0
2018-03-19,0.0,0.0
2018-03-20,0.0,0.0
2018-03-21,0.0,0.0
2018-03-22,0.0,0.0
2018-03-23,0.9454129934310913,0.9454129934310913
2018-03-24,0.9190285801887512,0.9190285801887512
2018-03-25,0.0,0.0
2018-03-26,0.0,0.0
2018-03-27,0.0,0.0
2018-03-28,0.0,0.9286490082740784
2018-03-29,-0.25427258014678955,0.5408158004283905
2018-03-30,0.0,0.9211857914924622
2018-03-31,0.0,0.0
2018-04-01,0.0,0.0
2018-04-02,0.0,0.0
2018-04-03,0.0,0.0
2018-04-04,0.0,0.8825671076774597
2018-04-05,0.7073522210121155,0.7073522210121155
2018-04-06,0.0,0.0
2018-04-07,0.0,0.0
2018-04-08,0.0,0.0
2018-04-09,0.8075956106185913,0.8075956106185913
2018-04-10,0.0,0.0
2018-04-11,0.843678891658783,0.843678891658783
2018-04-12,0.40282347798347473,0.8582650423049927
2018-04-13,-0.0243452787399292,0.9123964111010233
2018-04-14,0.5693515539169312,0.5693515539169312
2018-04-15,0.0,0.0
2018-04-16,-0.3129250109195709,0.7079876661300659
2018-04-17,0.0,0.0
2018-04-18,0.0,0.0
2018-04-19,0.0,0.8748703598976135
2018-04-20,0.8088809847831726,0.8088809847831726
2018-04-21,0.0,0.0
2018-04-22,0.0,0.0
2018-04-23,0.0,0.0
2018-04-24,0.0,0.0
2018-04-25,0.0,0.0
2018-04-26,0.0,0.0
2018-04-27,0.6573338508605957,0.7854383438825607
2018-04-28,0.0,0.6646021008491516
2018-04-29,0.9054614901542664,0.9054614901542664
2018-04-30,-0.9394975453615189,0.9394975453615189
2018-05-01,-0.4878036379814148,0.9535278081893921
2018-05-02,0.0,0.0
2018-05-03,0.0,0.701441764831543
2018-05-04,0.0,0.0
2018-05-05,0.0,0.0
2018-05-06,0.0,0.9061198234558105
2018-05-07,0.0,0.0
2018-05-08,0.0,0.0
2018-05-09,0.0,0.0
2018-05-10,0.0,0.7941502928733826
2018-05-11,0.0,0.0
2018-05-12,0.0,0.0
2018-05-13,0.9002483487129211,0.9002483487129211
2018-05-14,0.0,0.0
2018-05-15,0.0,0.0
2018-05-16,0.6889622509479523,0.6889622509479523
2018-05-17,0.0,0.0
2018-05-18,0.0,0.0
2018-05-19,0.0,0.0
2018-05-20,-0.9606034755706787,0.9606034755706787
2018-05-21,0.0,0.0
2018-05-22,0.0,0.0
2018-05-23,0.0,0.0
2018-05-24,0.0,0.9375929832458496
2018-05-25,0.8321162462234497,0.8321162462234497
2018-05-26,0.0,0.0
2018-05-27,0.0,0.0
2018-05-28,0.0,0.0
2018-05-29,0.0,0.888795018196106
2018-05-30,-0.8578745722770691,0.8578745722770691
2018-05-31,-0.009094178676605225,0.8904507160186768
2018-06-01,0.0,0.0
2018-06-02,0.0,0.0
2018-06-03,0.0,0.0
2018-06-04,0.0,0.9136881828308105
2018-06-05,0.0,0.0
2018-06-06,0.0,0.0
2018-06-07,0.9000959396362305,0.9000959396362305
2018-06-08,-0.9169987440109253,0.9169987440109253
2018-06-09,0.0,0.9254141449928284
2018-06-10,-0.009626716375350952,0.8893395960330963
2018-06-11,0.5099038084348043,0.7607741753260294
2018-06-12,0.4782862365245819,0.9058718979358673
2018-06-13,-0.9712249636650085,0.9712249636650085
2018-06-14,0.9485960006713867,0.9485960006713867
2018-06-15,0.9142231345176697,0.9142231345176697
2018-06-16,0.6027268171310425,0.6027268171310425
2018-06-17,0.0,0.0
2018-06-18,0.0,0.0
2018-06-19,0.0,0.0
2018-06-20,0.06737613677978516,0.7552193999290466
2018-06-21,0.9470677375793457,0.9470677375793457
2018-06-22,0.0,0.0
2018-06-23,0.0,0.0
2018-06-24,0.0,0.0
2018-06-25,0.0,0.8964551687240601
2018-06-26,0.0,0.6756811141967773
2018-06-27,0.8682613372802734,0.8682613372802734
2018-06-28,0.0,0.0
2018-06-29,0.0,0.0
2018-06-30,0.0,0.913560152053833
2018-07-01,0.9226675033569336,0.9226675033569336
2018-07-02,0.0,0.0
2018-07-03,0.0,0.0
2018-07-04,0.5197303295135498,0.5197303295135498
2018-07-05,0.20363710323969522,0.8040661414464315
2018-07-06,0.5683085918426514,0.5683085918426514
2018-07-07,0.4498191475868225,0.7976954877376556
2018-07-08,-0.847341775894165,0.847341775894165
2018-07-09,0.0,0.8132607936859131
2018-07-10,0.0,0.7172492146492004
2018-07-11,0.0,0.0
2018-07-12,0.9423889815807343,0.9423889815807343
2018-07-13,0.2150615652402242,0.8571134209632874
2018-07-14,0.8042192459106445,0.8042192459106445
2018-07-15,0.0,0.0
2018-07-16,-0.6054635047912598,0.8778256972630819
2018-07-17,0.0,0.0
2018-07-18,0.6798228025436401,0.6798228025436401
2018-07-19,0.0,0.0
2018-07-20,0.9492270350456238,0.9492270350456238
2018-07-21,0.0,0.0
2018-07-22,0.0,0.0
2018-07-23,0.0,0.8831555843353271
2018-07-24,0.8646640181541443,0.8646640181541443
2018-07-25,0.49094119668006897,0.49094119668006897
2018-07-26,0.44931498169898987,0.9139421284198761
2018-07-27,0.9393303990364075,0.9393303990364075
2018-07-28,0.9466379880905151,0.9466379880905151
2018-07-29,0.272505521774292,0.6019732058048248
2018-07-30,0.0,0.950645923614502
2018-07-31,0.4609344005584717,0.9094911217689514
2018-08-01,0.19474640488624573,0.7726927697658539
2018-08-02,0.866028904914856,0.866028904914856
2018-08-03,0.7056795358657837,0.7056795358657837
2018-08-04,0.0,0.0
2018-08-05,0.9188439846038818,0.9188439846038818
2018-08-06,0.5933488011360168,0.5933488011360168
2018-08-07,0.0,0.0
2018-08-08,0.9484857320785522,0.9484857320785522
2018-08-09,0.8576275308926901,0.8576275308926901
2018-08-10,0.9449737071990967,0.9449737071990967
2018-08-11,0.0,0.0
2018-08-12,0.0,0.0
2018-08-13,0.0,0.0
2018-08-14,0.0,0.0
2018-08-15,0.8209746479988098,0.8209746479988098
2018-08-16,0.943761944770813,0.943761944770813
2018-08-17,-0.9621277451515198,0.9621277451515198
2018-08-18,-0.944121241569519,0.944121241569519
2018-08-19,0.0,0.0
2018-08-20,0.8557863831520081,0.8557863831520081
2018-08-21,0.8755980134010315,0.8755980134010315
2018-08-22,0.0,0.0
2018-08-23,0.6349606911341349,0.9514415065447489
2018-08-24,0.8690764904022217,0.8690764904022217
2018-08-25,0.0,0.0
2018-08-26,0.0,0.0
2018-08-27,0.22302857041358948,0.666295975446701
2018-08-28,0.04884244998296102,0.778164803981781
2018-08-29,-0.03222095966339111,0.9409646689891815
2018-08-30,-0.9376996159553528,0.9376996159553528
2018-08-31,0.0,0.0
2018-09-01,0.0,0.4069313704967499
2018-09-02,0.45928332209587097,0.7238766252994537
2018-09-03,0.9271965026855469,0.9271965026855469
2018-09-04,0.0,0.0
2018-09-05,0.0,0.0
2018-09-06,-0.9564372301101685,0.9564372301101685
2018-09-07,-0.9457525014877319,0.9457525014877319
2018-09-08,0.0,0.0
2018-09-09,-0.9483756124973297,0.9483756124973297
2018-09-10,0.0,0.0
2018-09-11,0.0,0.6356887817382812
2018-09-12,-0.8499537706375122,0.8499537706375122
2018-09-13,0.0,0.0
2018-09-14,0.0,0.7140039205551147
2018-09-15,0.0,0.0
2018-09-16,-0.9748732447624207,0.9748732447624207
2018-09-17,0.0,0.0
2018-09-18,0.0,0.0
2018-09-19,0.0,0.6619546413421631
2018-09-20,0.0,0.0
2018-09-21,-0.954693466424942,0.954693466424942
2018-09-22,0.0,0.0
2018-09-23,-0.9603359699249268,0.9603359699249268
2018-09-24,0.0,0.0
2018-09-25,0.0,0.8997107744216919
2018-09-26,0.0,0.9414031505584717
2018-09-27,0.8868882656097412,0.8868882656097412
2018-09-28,0.8617011308670044,0.8617011308670044
2018-09-29,0.0,0.8587483167648315
2018-09-30,0.0,0.0
2018-10-01,0.0,0.0
2018-10-02,0.0,0.0
2018-10-03,0.0,0.5623636245727539
2018-10-04,0.14834195375442505,0.7894501487414042
2018-10-05,0.0,0.4139842689037323
2018-10-06,0.0,0.0
2018-10-07,0.0,0.0
2018-10-08,0.7301298081874847,0.7301298081874847
2018-10-09,0.0,0.9052652716636658
2018-10-10,0.0,0.7868834733963013
2018-10-11,0.0,0.0
2018-10-12,-0.9754799008369446,0.9754799008369446
2018-10-13,0.8174411356449127,0.8174411356449127
2018-10-14,0.8695668578147888,0.8695668578147888
2018-10-15,0.798610270023346,0.798610270023346
2018-10-16,0.5667667984962463,0.7818815261125565
2018-10-17,-0.003753406660897391,0.9028582998684475
2018-10-18,0.5620224873224894,0.8604169487953186
2018-10-19,-0.32481759786605835,0.9520793557167053
2018-10-20,0.0,0.0
2018-10-21,0.9521462321281433,0.9521462321281433
2018-10-22,-0.9653880596160889,0.9653880596160889
2018-10-23,0.6272591948509216,0.6272591948509216
2018-10-24,0.0,0.8141865730285645
2018-10-25,0.0,0.9373457431793213
2018-10-26,0.0,0.7289016246795654
2018-10-27,0.0,0.0
2018-10-28,-0.7773358821868896,0.7773358821868896
2018-10-29,0.0,0.0
2018-10-30,-0.11663886904716492,0.8494535982608795
2018-10-31,0.0,0.0
2018-11-01,-0.7124626636505127,0.7124626636505127
2018-11-02,0.0,0.0
2018-11-03,0.0,0.0
2018-11-04,-0.7128527164459229,0.7128527164459229
2018-11-05,0.24271589517593384,0.8697889049847921
2018-11-06,0.0,0.8033282160758972
2018-11-07,0.0,0.0
2018-11-08,0.0,0.0
2018-11-09,0.7102312445640564,0.7102312445640564
2018-11-10,0.0,0.0
2018-11-11,0.9035909175872803,0.9035909175872803
2018-11-12,0.8658527135848999,0.8658527135848999
2018-11-13,0.0,0.0
2018-11-14,0.0,0.7771833539009094
2018-11-15,0.0,0.0
2018-11-16,0.6341665188471476,0.9282639026641846
2018-11-17,0.0,0.0
2018-11-18,0.0,0.0
2018-11-19,0.0,0.0
2018-11-20,0.0,0.0
2018-11-21,0.0,0.0
2018-11-22,0.0,0.0
2018-11-23,0.0,0.0
2018-11-24,0.0,0.0
2018-11-25,-0.9730782508850098,0.9730782508850098
2018-11-26,0.0,0.0
2018-11-27,0.9003986120223999,0.9003986120223999
2018-11-28,0.0,0.0
2018-11-29,-0.004617035388946533,0.9449617266654968
2018-11-30,0.0,0.0
2018-12-01,0.0,0.0
2018-12-02,0.0,0.0
2018-12-03,0.0,0.0
2018-12-04,0.0,0.8734573721885681
2018-12-05,0.7258616387844086,0.7258616387844086
2018-12-06,0.0,0.46053382754325867
2018-12-07,0.0,0.0
2018-12-08,0.0,0.0
2018-12-09,-0.9431285858154297,0.9431285858154297
2018-12-10,0.8644651174545288,0.8644651174545288
2018-12-11,0.0,0.9047240614891052
2018-12-12,0.0,0.0
2018-12-13,0.0,0.0
2018-12-14,0.0,0.0
2018-12-15,0.9406954050064087,0.9406954050064087
2018-12-16,0.0,0.0
2018-12-17,0.9040043354034424,0.9040043354034424
2018-12-18,0.4726935029029846,0.8564499914646149
2018-12-19,0.0,0.9492528438568115
2018-12-20,-0.3095967769622803,0.5650257766246796
2018-12-21,0.0,0.0
2018-12-22,0.0,0.0
2018-12-23,0.0,0.0
2018-12-24,0.0,0.0
2018-12-25,-0.9551776647567749,0.9551776647567749
2018-12-26,0.0,0.0
2018-12-27,0.9124191403388977,0.9124191403388977
2018-12-28,0.8687289357185364,0.8687289357185364
2018-12-29,0.0,0.0
2018-12-30,0.8272078633308411,0.8272078633308411
2018-12-31,0.0,0.0
2019-01-01,-0.9630619883537292,0.9630619883537292
2019-01-02,-0.9042699933052063,0.9042699933052063
2019-01-03,0.0,0.0
2019-01-04,0.0,0.8372936248779297
2019-01-05,0.0,0.0
2019-01-06,-0.9665809273719788,0.9665809273719788
2019-01-07,0.0,0.0
2019-01-08,0.0,0.0
2019-01-09,0.9518271088600159,0.9518271088600159
2019-01-10,0.0,0.0
2019-01-11,-0.9221870005130768,0.9221870005130768
2019-01-12,0.0,0.0
2019-01-13,0.0,0.0
2019-01-14,0.0,0.0
2019-01-15,0.30287347237269086,0.8566829164822897
2019-01-16,0.3822152614593506,0.8555681705474854
2019-01-17,0.30891068776448566,0.958254337310791
2019-01-18,-0.010485321283340454,0.9634248912334442
2019-01-19,0.8820967078208923,0.8820967078208923
2019-01-20,-0.11613911390304565,0.8077439665794373
2019-01-21,0.8323052525520325,0.8323052525520325
2019-01-22,0.11737078428268433,0.8213307559490204
2019-01-23,0.0,0.7294027805328369
2019-01-24,0.0482746958732605,0.7185449004173279
2019-01-25,0.0,0.0
2019-01-26,0.0,0.0
2019-01-27,0.44670405983924866,0.8820139169692993
2019-01-28,0.0,0.9431623816490173
2019-01-29,-0.9384902715682983,0.9384902715682983
2019-01-30,0.0,0.0
2019-01-31,0.0,0.0
2019-02-01,0.0,0.0
2019-02-02,0.0,0.0
2019-02-03,0.0,0.8847497701644897
2019-02-04,-0.9622063040733337,0.9622063040733337
2019-02-05,0.0,0.0
2019-02-06,0.949603259563446,0.949603259563446
2019-02-07,0.8101121187210083,0.8101121187210083
2019-02-08,0.0,0.9348376095294952
2019-02-09,0.0,0.0
2019-02-10,0.0,0.0
2019-02-11,0.0,0.0
2019-02-12,-0.9342426657676697,0.9342426657676697
2019-02-13,0.7745421131451925,0.7745421131451925
2019-02-14,0.0,0.0
2019-02-15,0.0,0.0
2019-02-16,0.0,0.0
2019-02-17,-0.9689699411392212,0.9689699411392212
2019-02-18,0.0,0.8724231123924255
2019-02-19,0.0,0.0
2019-02-20,0.7554612159729004,0.7554612159729004
2019-02-21,0.0,0.8475968241691589
2019-02-22,0.8504924774169922,0.8504924774169922
2019-02-23,0.0,0.0
2019-02-24,0.0,0.0
2019-02-25,0.9385334253311157,0.9385334253311157
2019-02-26,0.0,0.0
2019-02-27,0.0,0.5040135979652405
2019-02-28,0.7781963348388672,0.7781963348388672
2019-03-01,0.0,0.0
2019-03-02,0.0,0.0
2019-03-03,0.0,0.0
2019-03-04,0.0,0.0
2019-03-05,0.0,0.0
2019-03-06,0.0,0.8981337547302246
2019-03-07,0.0,0.7551928758621216
2019-03-08,0.2620742619037628,0.7347549796104431
2019-03-09,0.0,0.9143101572990417
2019-03-10,0.0,0.0
2019-03-11,0.9297391772270203,0.9297391772270203
2019-03-12,0.8007630705833435,0.8007630705833435
2019-03-13,0.9525062441825867,0.9525062441825867
2019-03-14,0.15595215559005737,0.7839259505271912
2019-03-15,0.9286458790302277,0.9286458790302277
2019-03-16,0.0,0.0
2019-03-17,-0.41031432151794434,0.7516684234142303
2019-03-18,0.20480729639530182,0.6567404121160507
2019-03-19,0.0,0.0
2019-03-20,0.0,0.9338125586509705
2019-03-21,0.0,0.859138011932373
2019-03-22,0.0,0.0
2019-03-23,0.7524846196174622,0.7524846196174622
2019-03-24,0.0,0.0
2019-03-25,0.0,0.0
2019-03-26,0.5386241674423218,0.7641503810882568
2019-03-27,-0.8926363587379456,0.8926363587379456
2019-03-28,0.0,0.0
2019-03-29,0.0,0.0
2019-03-30,0.0,0.0
2019-03-31,-0.9533371329307556,0.9533371329307556
2019-04-01,0.9385424852371216,0.9385424852371216
2019-04-02,0.0,0.0
2019-04-03,0.0,0.0
2019-04-04,0.9441250562667847,0.9441250562667847
2019-04-05,0.0,0.0
2019-04-06,0.0,0.0
2019-04-07,-0.5763868689537048,0.5763868689537048
2019-04-08,0.0,0.0
2019-04-09,0.0,0.559917688369751
2019-04-10,0.9321400821208954,0.9321400821208954
2019-04-11,0.0,0.8033755421638489
2019-04-12,-0.9751756191253662,0.9751756191253662
2019-04-13,0.0,0.0
2019-04-14,0.0,0.0
2019-04-15,0.0,0.0
2019-04-16,0.0,0.0
2019-04-17,0.36736129224300385,0.785717561841011
2019-04-18,0.16632585525512694,0.9114280462265014
2019-04-19,0.4705089330673218,0.9030705690383911
2019-04-20,0.0,0.7700888216495514
2019-04-21,0.0,0.0
2019-04-22,-0.6291533509890238,0.9414189259211222
2019-04-23,0.0,0.0
2019-04-24,-0.4860519766807556,0.9173164367675781
2019-04-25,0.7587701678276062,0.7587701678276062
2019-04-26,0.6526880860328674,0.6526880860328674
2019-04-27,0.9160215258598328,0.9160215258598328
2019-04-28,0.0,0.9490221738815308
2019-04-29,0.0,0.0
2019-04-30,0.2198440432548523,0.5702141722043356
2019-05-01,0.0,0.8296834826469421
2019-05-02,0.9374852776527405,0.9374852776527405
2019-05-03,0.0,0.7619572281837463
2019-05-04,0.0,0.0
2019-05-05,-0.9261307716369629,0.9261307716369629
2019-05-06,0.8121480345726013,0.8121480345726013
2019-05-07,-0.6696725487709045,0.6696725487709045
2019-05-08,-0.9626689950625101,0.9626689950625101
2019-05-09,-0.007827579975128174,0.936305304368337
2019-05-10,0.9025971293449402,0.9025971293449402
2019-05-11,-0.7869015336036682,0.7869015336036682
2019-05-12,-0.9670547842979431,0.9670547842979431
2019-05-13,0.0,0.8921166062355042
2019-05-14,-0.6768680810928345,0.6768680810928345
2019-05-15,0.0,0.0
2019-05-16,0.0,0.0
2019-05-17,0.0,0.0
2019-05-18,0.0,0.0
2019-05-19,0.0,0.0
2019-05-20,0.0,0.0
2019-05-21,0.4998329281806946,0.6770876248677572
2019-05-22,0.0,0.0
2019-05-23,0.0,0.0
2019-05-24,0.0,0.0
2019-05-25,0.0,0.0
2019-05-26,0.0,0.0
2019-05-27,0.0,0.0
2019-05-28,0.0,0.0
2019-05-29,0.8955469727516174,0.8955469727516174
2019-05-30,0.0,0.0
2019-05-31,0.0,0.0
2019-06-01,0.0,0.0
2019-06-02,-0.7258233428001404,0.7258233428001404
2019-06-03,0.0,0.7975728511810303
2019-06-04,0.0,0.9114975929260254
2019-06-05,0.0,0.7684876322746277
2019-06-06,0.0,0.0
2019-06-07,-0.9666111469268799,0.9666111469268799
2019-06-08,0.0,0.0
2019-06-09,0.0,0.0
2019-06-10,0.9314202070236206,0.9314202070236206
2019-06-11,0.46507710218429565,0.8598760664463043
2019-06-12,-0.9427677392959595,0.9427677392959595
2019-06-13,0.6979653835296631,0.6979653835296631
2019-06-14,0.8920871615409851,0.8920871615409851
2019-06-15,0.0,0.0
2019-06-16,0.6782150268554688,0.6782150268554688
2019-06-17,-0.946209728717804,0.946209728717804
2019-06-18,0.0,0.0
2019-06-19,0.0,0.0
2019-06-20,0.0,0.0
2019-06-21,-0.96465665102005,0.96465665102005
2019-06-22,0.0,0.0
2019-06-23,0.0,0.0
2019-06-24,-0.3802590072154999,0.3802590072154999
2019-06-25,0.6982433199882507,0.6982433199882507
2019-06-26,0.9434321522712708,0.9434321522712708
2019-06-27,0.0,0.0
2019-06-28,0.8195100426673889,0.8195100426673889
2019-06-29,0.0,0.0
2019-06-30,0.0,0.0
2019-07-01,0.0,0.0
2019-07-02,0.0,0.0
2019-07-03,0.0,0.0
2019-07-04,0.0,0.0
2019-07-05,0.0,0.0
2019-07-06,0.0,0.0
2019-07-07,0.0,0.0
2019-07-08,0.0,0.0
2019-07-09,0.8434919913609823,0.8434919913609823
2019-07-10,0.0,0.0
2019-07-11,0.94856196641922,0.94856196641922
2019-07-12,0.0,0.0
2019-07-13,0.9208943247795105,0.9208943247795105
2019-07-14,-0.8409908413887024,0.8409908413887024
2019-07-15,0.0,0.0
2019-07-16,0.9443941116333008,0.9443941116333008
2019-07-17,0.0,0.8587761521339417
2019-07-18,-0.4869924783706665,0.8413916528224945
2019-07-19,0.6283999880154928,0.9350082874298096
2019-07-20,0.0029792189598083496,0.9488643407821655
2019-07-21,-0.47484350204467773,0.8937784731388092
2019-07-22,-0.011254310607910156,0.9628549218177795
2019-07-23,0.0,0.5931075215339661
2019-07-24,0.0,0.0
2019-07-25,0.8137388825416565,0.8137388825416565
2019-07-26,-0.972279965877533,0.972279965877533
2019-07-27,0.0,0.9430134296417236
2019-07-28,0.0,0.0
2019-07-29,0.0,0.9212706089019775
2019-07-30,0.0,0.0
2019-07-31,0.0,0.0
2019-08-01,0.0,0.5717308819293976
2019-08-02,0.0,0.0
2019-08-03,0.0,0.8651451468467712
2019-08-04,0.0,0.8793015480041504
2019-08-05,-0.39384212096532184,0.9038432637850443
2019-08-06,0.9226874113082886,0.9226874113082886
2019-08-07,0.9139785766601562,0.9139785766601562
2019-08-08,0.43914392590522766,0.8527897298336029
2019-08-09,0.0,0.687574565410614
2019-08-10,0.0,0.0
2019-08-11,0.0,0.0
2019-08-12,0.0,0.0
2019-08-13,0.0,0.0
2019-08-14,0.0,0.0
2019-08-15,0.0,0.0
2019-08-16,0.0,0.0
2019-08-17,0.0,0.0
2019-08-18,0.0,0.0
2019-08-19,0.0,0.0
2019-08-20,0.0,0.0
2019-08-21,0.0,0.0
2019-08-22,0.0,0.0
2019-08-23,0.0,0.0
2019-08-24,0.0,0.0
2019-08-25,0.0,0.0
2019-08-26,0.0,0.0
2019-08-27,0.0,0.0
2019-08-28,0.0,0.0
2019-08-29,0.0,0.0
2019-08-30,0.0,0.0
2019-08-31,0.0,0.0
2019-09-01,0.0,0.0
2019-09-02,0.0,0.0
2019-09-03,0.0,0.0
2019-09-04,-0.8985288739204407,0.8985288739204407
2019-09-05,0.39985718329747516,0.629612386226654
2019-09-06,0.0,0.8196937441825867
2019-09-07,0.0,0.0
2019-09-08,-0.9544589519500732,0.9544589519500732
2019-09-09,0.9381022453308105,0.9381022453308105
2019-09-10,0.0,0.0
2019-09-11,0.0,0.0
2019-09-12,-0.5100966691970825,0.5100966691970825
2019-09-13,0.0,0.0
2019-09-14,0.0,0.0
2019-09-15,0.0,0.816468358039856
2019-09-16,0.04702425003051758,0.7129567265510559
2019-09-17,0.0,0.0
2019-09-18,0.22574440240859986,0.8675067305564881
2019-09-19,0.0,0.6264528036117554
2019-09-20,0.0,0.7547034025192261
2019-09-21,0.0,0.0
2019-09-22,0.0,0.0
2019-09-23,-0.4677962362766266,0.4677962362766266
2019-09-24,0.25627240538597107,0.8001810908317566
2019-09-25,0.5393284757932028,0.7346616188685099
2019-09-26,0.931341826915741,0.931341826915741
2019-09-27,0.0,0.0
2019-09-28,0.0,0.0
2019-09-29,0.0,0.0
2019-09-30,-0.03300556540489197,0.9243731796741486
2019-10-01,0.0,0.8608577847480774
2019-10-02,-0.6347925066947937,0.6347925066947937
2019-10-03,0.0,0.0
2019-10-04,0.0,0.0
2019-10-05,0.0,0.0
2019-10-06,-0.9596225023269653,0.9596225023269653
2019-10-07,0.0,0.8989639282226562
2019-10-08,0.0,0.0
2019-10-09,0.16575486461321512,0.7540664772192637
2019-10-10,0.5567465424537659,0.5567465424537659
2019-10-11,-0.9517512321472168,0.9517512321472168
2019-10-12,0.0,0.0
2019-10-13,0.0,0.924818217754364
2019-10-14,0.8043164908885956,0.8043164908885956
2019-10-15,0.2787617842356364,0.8562994798024496
2019-10-16,0.2756667335828145,0.8595518668492635
2019-10-17,0.0,0.930217444896698
2019-10-18,0.5392050594091415,0.8801094591617584
2019-10-19,0.9218596816062927,0.9218596816062927
2019-10-20,0.6157259345054626,0.6157259345054626
2019-10-21,0.0,0.5729600787162781
2019-10-22,0.9497787952423096,0.9497787952423096
2019-10-23,0.0,0.0
2019-10-24,0.0,0.0
2019-10-25,0.0,0.584080159664154
2019-10-26,0.8966742157936096,0.8966742157936096
2019-10-27,0.8723466992378235,0.8723466992378235
2019-10-28,0.7329567074775696,0.7329567074775696
2019-10-29,0.4727035164833069,0.9443042874336243
2019-10-30,0.3484762907028198,0.6988865733146667
2019-10-31,0.6611908078193665,0.6611908078193665
2019-11-01,0.0,0.0
2019-11-02,0.0,0.0
2019-11-03,-0.8245318531990051,0.8245318531990051
2019-11-04,0.0,0.0
2019-11-05,0.0,0.0
2019-11-06,-0.9605842232704163,0.9605842232704163
2019-11-07,-0.8490937948226929,0.8490937948226929
2019-11-08,-0.1947762370109558,0.7729719877243042
2019-11-09,0.0,0.0
2019-11-10,0.0,0.0
2019-11-11,0.8340921998023987,0.8340921998023987
2019-11-12,0.0,0.0
2019-11-13,0.6796844601631165,0.6796844601631165
2019-11-14,0.461997926235199,0.8791369795799255
2019-11-15,0.0,0.0
2019-11-16,0.0,0.8222687840461731
2019-11-17,-0.9610670208930969,0.9610670208930969
2019-11-18,0.0,0.7582364082336426
2019-11-19,0.8535194545984268,0.8535194545984268
2019-11-20,0.8967715501785278,0.8967715501785278
2019-11-21,-0.012505099177360535,0.8858655989170074
2019-11-22,0.5574520826339722,0.5574520826339722
2019-11-23,0.0,0.0
2019-11-24,0.0,0.0
2019-11-25,0.0,0.9110115766525269
2019-11-26,0.6731956998507181,0.6731956998507181
2019-11-27,0.0,0.8080868124961853
2019-11-28,0.0,0.8133077770471573
2019-11-29,0.0,0.8758407235145569
2019-11-30,0.0,0.9369779229164124
2019-12-01,-0.9546881318092346,0.9546881318092346
2019-12-02,0.35691489775975543,0.8962363600730896
2019-12-03,0.0,0.8474149703979492
2019-12-04,-0.9211435317993164,0.9211435317993164
2019-12-05,0.8855865001678467,0.8855865001678467
2019-12-06,0.0,0.0
2019-12-07,0.0,0.0
2019-12-08,0.0,0.0
2019-12-09,0.0,0.0
2019-12-10,0.8329246938228607,0.8329246938228607
2019-12-11,0.4698711633682251,0.8999050259590149
2019-12-12,0.0,0.7821322282155355
2019-12-13,0.0,0.8314438462257385
2019-12-14,0.0,0.0
2019-12-15,0.0,0.0
2019-12-16,0.6734959880510966,0.8156507809956869
2019-12-17,0.5671246409416199,0.7057170629501343
2019-12-18,0.8786750733852386,0.8786750733852386
2019-12-19,0.0,0.0
2019-12-20,0.0,0.9416698515415192
2019-12-21,-0.1567376454671224,0.7337848742802938
2019-12-22,-0.9108943343162537,0.9108943343162537
2019-12-23,-0.35424327850341797,0.8989859024683634
2019-12-24,0.22556482553482055,0.890920889377594
2019-12-25,0.0,0.0
2019-12-26,-0.025577144963400706,0.923624575138092
2019-12-27,0.9325155913829803,0.9325155913829803
2019-12-28,0.0,0.0
2019-12-29,-0.08618336915969849,0.8719736337661743
2019-12-30,0.0,0.7997450629870096
2019-12-31,-0.31817420323689777,0.8325030406316122
2020-01-01,0.7881425619125366,0.7881425619125366
2020-01-02,0.784805029630661,0.784805029630661
2020-01-03,-0.4836781322956085,0.6978814750909805
2020-01-04,0.0,0.0
2020-01-05,0.0,0.0
2020-01-06,-0.9537585973739624,0.9537585973739624
2020-01-07,0.0,0.9364330768585205
2020-01-08,0.0,0.5022158622741699
2020-01-09,0.3331996202468872,0.6395128965377808
2020-01-10,0.0,0.0
2020-01-11,0.0,0.0
2020-01-12,-0.45746883749961853,0.45746883749961853
2020-01-13,0.0,0.9403446912765503
2020-01-14,0.6323670148849487,0.6323670148849487
2020-01-15,-0.47391578555107117,0.8303080499172211
2020-01-16,0.0,0.0
2020-01-17,0.25975762605667113,0.8633720517158509
2020-01-18,-0.357951819896698,0.9277788201967875
2020-01-19,0.0,0.8913856744766235
2020-01-20,-0.6272602498531341,0.7924173176288605
2020-01-21,-0.9047457873821259,0.9047457873821259
2020-01-22,0.9406461715698242,0.9406461715698242
2020-01-23,0.0,0.0
2020-01-24,0.0,0.0
2020-01-25,0.0,0.0
2020-01-26,0.0,0.6469359397888184
2020-01-27,-0.9364606142044067,0.9364606142044067
2020-01-28,0.0,0.0
2020-01-29,0.30392080545425415,0.7679944515228272
2020-01-30,0.639285147190094,0.639285147190094
2020-01-31,0.0,0.0
2020-02-01,0.4630275070667267,0.7624807059764862
2020-02-02,-0.9666727483272552,0.9666727483272552
2020-02-03,-0.9466594159603119,0.9466594159603119
2020-02-04,0.3408577680587769,0.8105778813362121
2020-02-05,0.1477440893650055,0.8355898261070251
2020-02-06,0.44160544872283936,0.654585043589274
2020-02-07,-0.47230421006679535,0.47230421006679535
2020-02-08,0.0,0.0
2020-02-09,0.7393788496653239,0.7393788496653239
2020-02-10,-0.9585344791412354,0.9585344791412354
2020-02-11,0.0,0.0
2020-02-12,0.0,0.9418354630470276
2020-02-13,0.0,0.0
2020-02-14,0.0,0.9128455519676208
2020-02-15,0.0,0.0
2020-02-16,0.923995852470398,0.923995852470398
2020-02-17,0.11502456665039062,0.8503987431526184
2020-02-18,0.15514758229255676,0.8644224852323532
2020-02-19,-0.20622371435165404,0.8027198910713196
2020-02-20,0.36110472679138184,0.8036504983901978
2020-02-21,0.0,0.0
2020-02-22,0.0,0.0
2020-02-23,0.0,0.0
2020-02-24,0.2487210234006246,0.8187731703122457
2020-02-25,0.6474017202854156,0.861050084233284
2020-02-26,-0.2545158465703328,0.8365585406621298
2020-02-27,0.0,0.0
2020-02-28,-0.4740675985813141,0.9033483564853668
2020-02-29,0.0,0.8422506749629974
2020-03-01,0.0,0.0
2020-03-02,0.0,0.854459822177887
2020-03-03,0.0,0.4462718665599823
2020-03-04,0.0,0.6955794095993042
2020-03-05,-0.28871728976567584,0.8181720574696859
2020-03-06,0.0,0.0
2020-03-07,0.0,0.0
2020-03-08,0.0,0.0
2020-03-09,0.7569193840026855,0.7569193840026855
2020-03-10,-0.9463127255439758,0.9463127255439758
2020-03-11,0.6778416931629181,0.8909947574138641
2020-03-12,-0.10455656051635742,0.8412166237831116
2020-03-13,0.0,0.0
2020-03-14,0.0,0.0
2020-03-15,0.0,0.0
2020-03-16,-0.8315288722515106,0.8315288722515106
2020-03-17,0.9303533434867859,0.9303533434867859
2020-03-18,-0.2426736056804657,0.8733615428209305
2020-03-19,-0.5507989525794983,0.8392039073838128
2020-03-20,0.4507091403007507,0.817233943939209
2020-03-21,0.0,0.6039656400680542
2020-03-22,-0.9694867134094238,0.9694867134094238
2020-03-23,0.12573293844858804,0.7746038436889648
2020-03-24,0.4508935809135437,0.8969359397888184
2020-03-25,0.5495955618945035,0.8796194087375294
2020-03-26,0.9371795058250427,0.9371795058250427
2020-03-27,-0.675821840763092,0.9014087468385696
2020-03-28,0.0,0.7704710066318512
2020-03-29,-0.07402381300926208,0.7978470623493195
2020-03-30,0.33198607961336773,0.6534593999385834
2020-03-31,0.2583056092262268,0.8870668609937032
2020-04-01,0.0,0.0
2020-04-02,0.0,0.7686327695846558
2020-04-03,0.4704684615135193,0.7671841084957123
2020-04-04,0.0,0.8525752425193787
2020-04-05,0.0,0.0
2020-04-06,-0.9750760793685913,0.9750760793685913
2020-04-07,-0.5550971776247025,0.7194126695394516
2020-04-08,0.0,0.0
2020-04-09,0.0,0.0
2020-04-10,-0.9611408710479736,0.9611408710479736
2020-04-11,0.0,0.0
2020-04-12,0.35461798310279846,0.6101866960525513
2020-04-13,0.1708693504333496,0.677761971950531
2020-04-14,0.18395262105124338,0.7902850253241402
2020-04-15,0.2642322523253305,0.8438969935689654
2020-04-16,0.39939659237861636,0.8255092203617096
2020-04-17,0.7994269728660583,0.863949365913868
2020-04-18,0.0,0.0
2020-04-19,0.1678659717241923,0.7871033350626627
2020-04-20,0.702875018119812,0.702875018119812
2020-04-21,-0.3293522397677104,0.9651153286298116
2020-04-22,0.5988356776015703,0.8578890367995861
2020-04-23,-0.04802477955818176,0.8879235625267029
2020-04-24,0.8016351163387299,0.8016351163387299
2020-04-25,0.8379831612110138,0.8379831612110138
2020-04-26,0.17840816577275595,0.7183667620023092
2020-04-27,0.11921094145093646,0.8834071329661778
2020-04-28,-0.04690892923445929,0.9055664936701456
2020-04-29,0.4882848812983586,0.8660691838998061
2020-04-30,0.040371641516685486,0.8861662997649267
2020-05-01,0.2849245559085499,0.8677441531961615
2020-05-02,0.0,0.8193634748458862
2020-05-03,0.9481849074363708,0.9481849074363708
2020-05-04,0.008030707421510117,0.8573994377385015
2020-05-05,0.6271248393588595,0.9180178046226501
2020-05-06,-0.004511347838810512,0.8360968487603324
2020-05-07,-0.03289508819580078,0.8844280540943146
2020-05-08,0.45550077526192917,0.8746938972096694
2020-05-09,0.018059561649958294,0.7570006450017294
2020-05-10,-0.018522635102272034,0.859888032078743
2020-05-11,0.35346970293256974,0.9032478398746915
2020-05-12,-0.40593937370512223,0.8786230650213029
2020-05-13,0.49164107016154696,0.8689637695040021
2020-05-14,-0.5955040395259857,0.8024046897888184
2020-05-15,-0.9569509327411652,0.9569509327411652
2020-05-16,0.16581167166049665,0.8136529739086444
2020-05-17,0.2562921775711907,0.7771377431021796
2020-05-18,0.2150628040818607,0.8585052455172819
2020-05-19,0.30223100185394286,0.8316118836402893
2020-05-20,0.354440838098526,0.8783469413008008
2020-05-21,0.6394648551940918,0.8330380405698504
2020-05-22,0.3503616982036167,0.7998151448037889
2020-05-23,0.0,0.8134146183729172
2020-05-24,-0.36959407726923627,0.9217564463615417
2020-05-25,0.21356532722711563,0.8460535034537315
2020-05-26,0.4314534068107605,0.8486705869436264
2020-05-27,0.28124431769053143,0.8388782540957133
2020-05-28,0.22689705003391614,0.7846750508655201
2020-05-29,-0.16242100511278426,0.9061240468706403
2020-05-30,0.23586185773213705,0.7728506525357565
2020-05-31,0.4691779911518097,0.7233171761035919
2020-06-01,0.5184232592582703,0.8645286510388056
2020-06-02,0.048085111379623416,0.8840822219848633
2020-06-03,0.13344250483946365,0.7912787957624956
2020-06-04,0.5815002818902334,0.8569944649934769
2020-06-05,0.5924770124256611,0.882529977709055
2020-06-06,0.6792868375778198,0.8297470062971115
2020-06-07,0.45107295115788776,0.860598067442576
2020-06-08,0.30783584288188387,0.9038194077355521
2020-06-09,-0.9657596200704575,0.9657596200704575
2020-06-10,0.7062181085348129,0.915979877114296
2020-06-11,0.18328372836112977,0.9153390824794769
2020-06-12,0.38296074217016046,0.8813763044097207
2020-06-13,0.7244376838207245,0.7244376838207245
2020-06-14,0.2760817011197408,0.7455582022666931
2020-06-15,0.25124412029981613,0.7474792003631592
2020-06-16,0.5855377614498138,0.8029967695474625
2020-06-17,-0.8385153114795685,0.8385153114795685
2020-06-18,0.5107876022656759,0.8106347997983296
2020-06-19,0.45347819862694577,0.7951977067980273
2020-06-20,0.6129543284575144,0.8919583459695181
2020-06-21,0.6908310413360595,0.8680562019348145
2020-06-22,0.3246172308921814,0.8632821142673492
2020-06-23,-0.2218330204486847,0.8384023755788803
2020-06-24,0.39066634394905786,0.72035597671162
2020-06-25,0.25833916001849705,0.820843153529697
2020-06-26,0.6305541396141052,0.8031324744224548
2020-06-27,0.0,0.0
2020-06-28,-0.5912807583808899,0.8484687209129333
2020-06-29,-0.35144028067588806,0.8426848500967026
2020-06-30,0.15364622076352438,0.8257640103499094
2020-07-01,0.7342603760106223,0.8219773045607975
2020-07-02,-0.09842530886332194,0.8212144176165262
2020-07-03,0.6032804421016148,0.8174860520022256
2020-07-04,0.0,0.0
2020-07-05,0.6798801273107529,0.8328205645084381
2020-07-06,0.6390275034037504,0.8591512062332847
2020-07-07,-0.08635663489500682,0.805915450056394
2020-07-08,0.21595025062561035,0.8649921119213104
2020-07-09,0.17989753825323923,0.7753778951508659
2020-07-10,0.09390438454491752,0.8477768770286015
2020-07-11,0.0,0.8368059396743774
2020-07-12,0.6867423534393311,0.8592594265937805
2020-07-13,0.6136643420095029,0.8548432614492334
2020-07-14,-0.03209857642650604,0.8045494966208935
2020-07-15,0.22335768342018128,0.8416638995919908
2020-07-16,0.08780343636222508,0.8574380615483159
2020-07-17,-0.024904018640518187,0.8754147946834564
2020-07-18,0.0,0.9441515207290649
2020-07-19,-0.6726472973823547,0.831153416633606
2020-07-20,-0.9624451994895935,0.9624451994895935
2020-07-21,0.7062124907970428,0.8415509015321732
2020-07-22,0.40993563945476824,0.837725240450639
2020-07-23,0.5865418861309687,0.8659631262222925
2020-07-24,0.4470829325062888,0.8595320667539325
2020-07-25,0.0,0.0
2020-07-26,0.215222438176473,0.786237359046936
2020-07-27,0.46375343534681535,0.735314150651296
2020-07-28,-0.1949209485735212,0.753078750201634
2020-07-29,-0.5470315217971802,0.8611547191937764
2020-07-30,0.20297144547752713,0.9265862625578175
2020-07-31,-0.4579966769498937,0.8862264612141777
2020-08-01,-0.05175121625264486,0.8105765183766683
2020-08-02,-0.01219762365023295,0.9573702116807302
2020-08-03,-0.8745620369911193,0.8745620369911193
2020-08-04,0.581446134381824,0.8261004984378815
2020-08-05,0.40619395838843453,0.7593728568818834
2020-08-06,0.5395439139434269,0.7921975127288273
2020-08-07,-0.04689228534698486,0.8258987367153168
2020-08-08,-0.3196982542673747,0.8973122636477152
2020-08-09,0.28525809198617935,0.8421045318245888
2020-08-10,0.2567709783713023,0.8512635678052902
2020-08-11,0.44291303555170697,0.7656250264909532
2020-08-12,0.080715987417433,0.9141657683584425
2020-08-13,-0.47263792157173157,0.8105746805667877
2020-08-14,0.1419491320848465,0.7784406155347824
2020-08-15,0.0,0.0
2020-08-16,-0.8446038961410522,0.8446038961410522
2020-08-17,-0.07241840362548828,0.7959759831428528
2020-08-18,0.7191224531693892,0.8797848116267811
2020-08-19,0.40658531118841734,0.880835070329554
2020-08-20,0.0,0.569770872592926
2020-08-21,0.8272584974765778,0.8272584974765778
2020-08-22,0.0,0.0
2020-08-23,-0.9509215950965881,0.9509215950965881
2020-08-24,-0.46968594193458557,0.9450125098228455
2020-08-25,-0.05810024738311768,0.8636712074279785
2020-08-26,0.07495126940987328,0.9247893040830438
2020-08-27,-0.4454374313354492,0.9021329581737518
2020-08-28,-0.15330225229263306,0.7554284532864889
2020-08-29,0.0,0.8949602365493774
2020-08-30,0.47986325025558474,0.8094297409057617
2020-08-31,0.2560211233794689,0.8666756339371204
2020-09-01,-0.320826917886734,0.924596110979716
2020-09-02,0.8715760298073292,0.8715760298073292
2020-09-03,-0.036734509468078616,0.7920923590660095
2020-09-04,-0.041300415992736816,0.8909888863563538
2020-09-05,0.0,0.9068037867546082
2020-09-06,-0.36510202288627625,0.8099022805690765
2020-09-07,0.0,0.8306336283683777
2020-09-08,0.28283897787332535,0.8402469158172607
2020-09-09,0.24509397590601886,0.8276386779767496
2020-09-10,0.6362565668617807,0.85315931424862
2020-09-11,0.5314110517501831,0.8530228550617511
2020-09-12,-0.9215035736560822,0.9215035736560822
2020-09-13,0.8495662013689677,0.8495662013689677
2020-09-14,0.3881319388747215,0.8788673877716064
2020-09-15,0.18487301468849182,0.8182145118713379
2020-09-16,0.6341464519500732,0.9226671854654948
2020-09-17,-0.4713640809059143,0.8779210150241852
2020-09-18,0.6475597023963928,0.7429630875587463
2020-09-19,0.0,0.0
2020-09-20,-0.9718672931194305,0.9718672931194305
2020-09-21,0.0,0.0
2020-09-22,-0.6171694159507751,0.9370773673057556
2020-09-23,0.3782347481826256,0.8252088468650292
2020-09-24,0.16015691416604177,0.8023057494844709
2020-09-25,-0.20949928760528563,0.8563022494316102
2020-09-26,0.19383775194485983,0.6876651446024576
2020-09-27,-0.9594456553459167,0.9594456553459167
2020-09-28,0.7803369661172231,0.9250764747460684
2020-09-29,0.4451795220375061,0.9034985403219858
2020-09-30,0.5274885058403015,0.7860811551411947
2020-10-01,0.3768600106239319,0.82602299451828
2020-10-02,-0.35174010694026947,0.8300410807132721
2020-10-03,0.23953238129615784,0.8008841375509897
2020-10-04,0.0,0.0
2020-10-05,0.34496768031801495,0.8608696375574384
2020-10-06,0.1812489628791809,0.8514172264507839
2020-10-07,0.539568515200364,0.8843391725891515
2020-10-08,-0.14543273713853624,0.8955806824896071
2020-10-09,-0.31261247396469116,0.9041104515393575
2020-10-10,-0.5304506421089172,0.5304506421089172
2020-10-11,0.0,0.0
2020-10-12,0.9412661194801331,0.9412661194801331
2020-10-13,0.9373986721038818,0.9373986721038818
2020-10-14,-0.9679701328277588,0.9679701328277588
2020-10-15,0.29035913944244385,0.7302142232656479
2020-10-16,-0.9738494753837585,0.9738494753837585
2020-10-17,0.1594395786523819,0.7762320637702942
2020-10-18,-0.9706563055515289,0.9706563055515289
2020-10-19,0.07189347346623738,0.8724143306414286
2020-10-20,0.0,0.8499491512775421
2020-10-21,-0.1915269394715627,0.8181440234184265
2020-10-22,0.11997466427939278,0.7455089518002102
2020-10-23,0.8644487857818604,0.8644487857818604
2020-10-24,0.0,0.0
2020-10-25,-0.8738929231961569,0.8738929231961569
2020-10-26,-0.42909726649522784,0.8707056328654289
2020-10-27,0.0,0.0
2020-10-28,0.0,0.7627749145030975
2020-10-29,0.0,0.0
2020-10-30,-0.18713967502117157,0.908136710524559
2020-10-31,-0.6674146533012391,0.871941864490509
2020-11-01,-0.6953763564427694,0.8712877035140991
2020-11-02,-0.5566022722951828,0.8848289001372552
2020-11-03,-0.6006019049220614,0.863144768608941
2020-11-04,-0.03440284729003906,0.8916564186414083
2020-11-05,0.12289200936044965,0.8588075041770935
2020-11-06,0.6344997584819794,0.8495324238350517
2020-11-07,0.0,0.0
2020-11-08,0.8640286326408386,0.8640286326408386
2020-11-09,-0.9352385401725769,0.9352385401725769
2020-11-10,0.9506658315658569,0.9506658315658569
2020-11-11,-0.12198494871457417,0.8657236099243164
2020-11-12,-0.02490483522415161,0.8130587995052337
2020-11-13,-0.023720920085906982,0.8663774033387502
2020-11-14,0.0,0.0
2020-11-15,0.035789698362350464,0.8278563559055329
2020-11-16,0.19438892602920532,0.7684359351793925
2020-11-17,0.07137755705760075,0.8985628095956949
2020-11-18,-0.5958136320114136,0.8991369803746542
2020-11-19,0.17497773681368148,0.8427392584936959
2020-11-20,0.14656137142862594,0.8015782066753933
2020-11-21,0.724770188331604,0.724770188331604
2020-11-22,-0.9726501107215881,0.9726501107215881
2020-11-23,0.5749719142913818,0.9392741230817941
2020-11-24,0.20574074983596802,0.7861726731061935
2020-11-25,-0.012157450119654337,0.8700681130091349
2020-11-26,0.6087186336517334,0.7925923466682434
2020-11-27,-0.6816219568252564,0.8322633862495422
2020-11-28,0.589780330657959,0.589780330657959
2020-11-29,-0.9673039317131042,0.9673039317131042
2020-11-30,0.0,0.0
2020-12-01,0.0,0.0
2020-12-02,0.567403256893158,0.8008074164390564
2020-12-03,0.1326039880514145,0.8268501460552216
2020-12-04,0.0,0.717030942440033
2020-12-05,0.0,0.853813886642456
2020-12-06,0.0,0.5858914256095886
2020-12-07,-0.24190658330917358,0.9000717401504517
2020-12-08,0.6477074503898621,0.8839420080184937
2020-12-09,0.7139743149280549,0.8610418677330017
2020-12-10,-0.5607185193470546,0.942959121295384
2020-12-11,0.4683406352996826,0.901879608631134
2020-12-12,0.0,0.0
2020-12-13,-0.48098790645599365,0.7204758673906326
2020-12-14,0.0,0.8362165987491608
2020-12-15,-0.22881275415420532,0.7317467927932739
2020-12-16,-0.9745180010795593,0.9745180010795593
2020-12-17,0.28374378085136415,0.7186720192432403
2020-12-18,0.5889316275715828,0.816935695707798
2020-12-19,0.0,0.0
2020-12-20,-0.8365647792816162,0.8365647792816162
2020-12-21,0.47601306438446045,0.9085537195205688
2020-12-22,-0.643149733543396,0.643149733543396
2020-12-23,0.837874710559845,0.837874710559845
2020-12-24,0.6457835393292564,0.9013929452214923
2020-12-25,0.24206613500912985,0.8423353632291158
2020-12-26,-0.4863356451193492,0.7054887513319651
2020-12-27,0.7750367522239685,0.7750367522239685
2020-12-28,-0.09529318592765114,0.8856541406024586
2020-12-29,-0.018517613410949707,0.9538635611534119
2020-12-30,0.3445519975253514,0.8395912647247314
2020-12-31,0.20640169084072113,0.7914623469114304
2021-01-01,-0.3540712893009186,0.9378033503890038
2021-01-02,-0.8878417909145355,0.8878417909145355
2021-01-03,-0.033180058002471924,0.9012198448181152
2021-01-04,-0.25953051447868347,0.7737834602594376
2021-01-05,-0.21663307481341892,0.8594182067447238
2021-01-06,-0.43517767190933226,0.8557637572288513
2021-01-07,0.3434249361356099,0.9190580646197001
2021-01-08,0.0,0.0
2021-01-09,-0.9733263254165649,0.9733263254165649
2021-01-10,-0.2969343264897664,0.9327598412831625
2021-01-11,-0.02264787256717682,0.9157708436250687
2021-01-12,0.4581529378890991,0.8418800354003906
2021-01-13,-0.741514241695404,0.8847786068916321
2021-01-14,0.8418952345848083,0.8418952345848083
2021-01-15,0.9076201319694519,0.9076201319694519
2021-01-16,0.0,0.0
2021-01-17,0.8407045900821686,0.8407045900821686
2021-01-18,-0.9646950364112854,0.9646950364112854
2021-01-19,0.5127918422222137,0.8621260970830917
2021-01-20,0.6085882981618246,0.8309082984924316
2021-01-21,0.8517932072281837,0.8517932072281837
2021-01-22,0.29880361613773165,0.9110603758266994
2021-01-23,-0.0020795861879984536,0.8494008183479309
2021-01-24,0.6304073929786682,0.8926245995930263
2021-01-25,-0.051290216900053476,0.863286588873182
2021-01-26,-0.040258427460988365,0.888560156027476
2021-01-27,-0.5779057277573479,0.8971658017900255
2021-01-28,0.04832186301549276,0.8424517512321472
2021-01-29,0.5982596973578135,0.8367032210032145
2021-01-30,-0.8813190758228302,0.8813190758228302
2021-01-31,0.0,0.0
2021-02-01,-0.48696810007095337,0.48696810007095337
2021-02-02,0.0,0.0
2021-02-03,-0.4318547546863556,0.8277610838413239
2021-02-04,0.18386831879615784,0.7817322048876021
2021-02-05,0.7374230027198792,0.7374230027198792
2021-02-06,0.0,0.0
2021-02-07,0.346994012594223,0.7322089970111847
2021-02-08,0.5866423845291138,0.9163979768753052
2021-02-09,0.4080829450062343,0.8600670950753349
2021-02-10,0.3154459794362386,0.7962249914805094
2021-02-11,0.5094943702220917,0.876843374967575
2021-02-12,0.6275322039922079,0.9277298450469971
2021-02-13,-0.9598106741905212,0.9598106741905212
2021-02-14,0.47185373306274414,0.9409548044204712
2021-02-15,0.0,0.0
2021-02-16,0.279004624911717,0.8832626513072422
2021-02-17,-0.43404558300971985,0.9086429476737976
2021-02-18,-0.20891995429992677,0.9605573415756226
2021-02-19,0.9361042380332947,0.9361042380332947
2021-02-20,0.361126571893692,0.7761664986610413
2021-02-21,0.0,0.0
2021-02-22,-0.7348856702446938,0.873706616461277
2021-02-23,0.3616511759005095,0.846150605302108
2021-02-24,0.48044481447764803,0.7881924893174853
2021-02-25,0.940990149974823,0.940990149974823
2021-02-26,-0.2613462706406911,0.8441306948661804
2021-02-27,-0.11732655763626099,0.8071600198745728
2021-02-28,0.42324994802474974,0.8091894745826721
2021-03-01,0.23546935617923737,0.8317277133464813
2021-03-02,0.2315375010172526,0.8086488346258799
2021-03-03,0.45192336440086367,0.8182535588741302
2021-03-04,0.9504500031471252,0.9504500031471252
2021-03-05,-0.1918755888938904,0.7422024250030518
2021-03-06,0.0,0.8489617705345154
2021-03-07,0.7363012135028839,0.7363012135028839
2021-03-08,0.3135670026143392,0.8021284937858582
2021-03-09,0.5654397964477539,0.9121402025222778
2021-03-10,0.7220572914396014,0.8172326939446586
2021-03-11,0.6106531023979187,0.6106531023979187
2021-03-12,-0.6108720302581787,0.883844385544459
2021-03-13,0.0,0.8132082223892212
2021-03-14,-0.6174619123339653,0.8844172954559326
2021-03-15,-0.6737540860970815,0.9429238537947336
2021-03-16,0.3032050132751465,0.9524789253870646
2021-03-17,-0.7048044055700302,0.9322758242487907
2021-03-18,-0.5890430808067322,0.8672628998756409
2021-03-19,-0.29381074224199566,0.8995937194143023
2021-03-20,0.0,0.0
2021-03-21,-0.6638365983963013,0.8841359317302704
2021-03-22,-0.419209999697549,0.942338194165911
2021-03-23,0.6697644335883004,0.9122461761747088
2021-03-24,-0.3594459056854248,0.861053466796875
2021-03-25,-0.6566263304816352,0.9305143886142306
2021-03-26,0.08581771453221639,0.7826166947682699
2021-03-27,-0.8834658265113831,0.8834658265113831
2021-03-28,0.21719595789909363,0.8794515877962112
2021-03-29,0.923474907875061,0.923474907875061
2021-03-30,0.9438991546630859,0.9438991546630859
2021-03-31,-0.49760711193084717,0.9618566632270813
2021-04-01,0.0,0.8917558193206787
2021-04-02,0.41706756353378294,0.71719731092453
2021-04-03,0.0,0.5545766353607178
2021-04-04,0.8481093049049377,0.8481093049049377
2021-04-05,0.04831578996446398,0.8705253005027771
2021-04-06,0.654999315738678,0.654999315738678
2021-04-07,0.25647443532943726,0.8112804823451572
2021-04-08,-0.4854697055286831,0.8844863904847039
2021-04-09,-0.6153627850792625,0.9135220917788419
2021-04-10,0.0,0.0
2021-04-11,0.29999985297520954,0.9486861030260721
2021-04-12,-0.579609751701355,0.9446397423744202
2021-04-13,0.82248615026474,0.82248615026474
2021-04-14,0.0,0.9271342754364014
2021-04-15,-0.07323248187700908,0.6784635583559672
2021-04-16,0.6143440008163452,0.6143440008163452
2021-04-17,0.0,0.0
2021-04-18,0.20690242449442545,0.8537484010060629
2021-04-19,0.0,0.9146016836166382
2021-04-20,-0.01614496111869812,0.8994883298873901
2021-04-21,0.0,0.0
2021-04-22,-0.6687223315238953,0.8447421938180923
2021-04-23,0.18359928781336005,0.7703331167047675
2021-04-24,0.0,0.8736276030540466
2021-04-25,0.0,0.0
2021-04-26,0.5715231398741404,0.8228301207224528
2021-04-27,0.781916968524456,0.8455397114157677
2021-04-28,-0.027875763177871705,0.7715923547744751
2021-04-29,0.34075052629817615,0.8768732385201887
2021-04-30,0.2730170024765862,0.9085942672358619
2021-05-01,0.5495952268441519,0.8466097414493561
2021-05-02,-0.946647047996521,0.946647047996521
2021-05-03,-0.22643721103668213,0.9290129144986471
2021-05-04,-0.37479047775268554,0.9297793090343476
2021-05-05,0.24501271545886993,0.7585266679525375
2021-05-06,0.8891583681106567,0.8891583681106567
2021-05-07,0.9105971256891886,0.9105971256891886
2021-05-08,-0.9721869230270386,0.9721869230270386
2021-05-09,-0.566584050655365,0.8652046322822571
2021-05-10,0.33268070220947266,0.6010652482509613
2021-05-11,-0.7996493577957153,0.7996493577957153
2021-05-12,-0.9742410480976105,0.9742410480976105
2021-05-13,0.0,0.5892349481582642
2021-05-14,-0.8862760066986084,0.8862760066986084
2021-05-15,0.0,0.0
2021-05-16,-0.5569319427013397,0.8213996887207031
2021-05-17,0.02335156003634135,0.7621569037437439
2021-05-18,0.47397229075431824,0.8313806727528572
2021-05-19,-0.40231994291146594,0.8527604788541794
2021-05-20,0.2336144596338272,0.9338462352752686
2021-05-21,0.7887710630893707,0.7887710630893707
2021-05-22,0.0,0.0
2021-05-23,0.8888817429542542,0.8888817429542542
2021-05-24,0.0,0.0
2021-05-25,-0.5869909524917603,0.5869909524917603
2021-05-26,0.9403730928897858,0.9403730928897858
2021-05-27,0.6526854783296585,0.7908212542533875
2021-05-28,0.9221863349278768,0.9221863349278768
2021-05-29,0.9284494519233704,0.9284494519233704
2021-05-30,-0.48675811290740967,0.9058476686477661
2021-05-31,0.6845535039901733,0.8861622412999471
2021-06-01,0.7503089785575867,0.930392324924469
2021-06-02,0.8891247312227885,0.8891247312227885
2021-06-03,0.4612494230270386,0.7821159213781357
2021-06-04,0.03316431244214376,0.7741484045982361
2021-06-05,-0.015451610088348389,0.8729758858680725
2021-06-06,0.7526770035425822,0.907348225514094
2021-06-07,0.834346815943718,0.834346815943718
2021-06-08,0.6250302394231161,0.9270045161247253
2021-06-09,-0.946092963218689,0.946092963218689
2021-06-10,0.0003530631462732951,0.8667480746905009
2021-06-11,0.6030328671137491,0.9169119795163473
2021-06-12,0.0,0.0
2021-06-13,0.3114715665578842,0.7930077463388443
2021-06-14,0.9377690951029459,0.9377690951029459
2021-06-15,0.0,0.906060516834259
2021-06-16,0.0,0.8436408638954163
2021-06-17,-0.6478973627090454,0.8367631236712137
2021-06-18,-0.9615278244018555,0.9615278244018555
2021-06-19,0.0,0.0
2021-06-20,0.0,0.9155791997909546
2021-06-21,0.2728762269020081,0.8931318700313569
2021-06-22,0.5496859028935432,0.8729942515492439
2021-06-23,0.5370802760124207,0.8909602046012879
2021-06-24,0.2666348713008981,0.8091290946069517
2021-06-25,-0.10555209543394006,0.8429289745247882
2021-06-26,0.7419577240943909,0.7419577240943909
2021-06-27,-0.05526706576347351,0.7352462112903595
2021-06-28,-0.3150200128555298,0.9402140498161315
2021-06-29,0.5381581708788872,0.8605440706014633
2021-06-30,0.6080144577556186,0.8904940552181668
2021-07-01,0.4717493951320648,0.8622600734233856
2021-07-02,0.17157381772994995,0.7971656918525696
2021-07-03,0.0,0.6682007610797882
2021-07-04,-0.9412254691123962,0.9412254691123962
2021-07-05,0.3107277870178223,0.7166277766227722
2021-07-06,0.1534562349319458,0.8809618711471557
2021-07-07,0.0,0.8706968128681183
2021-07-08,0.5939257144927979,0.5939257144927979
2021-07-09,-0.9724779923756918,0.9724779923756918
2021-07-10,0.0,0.0
2021-07-11,-0.9636939465999603,0.9636939465999603
2021-07-12,0.7831746637821198,0.7831746637821198
2021-07-13,0.0,0.8693585991859436
2021-07-14,-0.3248928189277649,0.8875602086385092
2021-07-15,0.509088138739268,0.8076794346173605
2021-07-16,0.13721657792727152,0.8732084631919861
2021-07-17,0.0,0.7420890927314758
2021-07-18,0.7329913899302483,0.8096960335969925
2021-07-19,0.06763228442933825,0.8797233634524875
2021-07-20,0.0,0.0
2021-07-21,0.0,0.0
2021-07-22,-0.0280186931292216,0.8567432661851248
2021-07-23,0.19567321028028214,0.8952625521591732
2021-07-24,-0.33121365308761597,0.9560157259305319
2021-07-25,0.08200309957776751,0.8598050560270037
2021-07-26,-0.41484874912670683,0.9487602157252175
2021-07-27,-0.9748077988624573,0.9748077988624573
2021-07-28,-0.9666772186756134,0.9666772186756134
2021-07-29,0.0,0.0
2021-07-30,-0.3238324125607808,0.9570472439130148
2021-07-31,0.0,0.0
2021-08-01,-0.5463282823562622,0.8252127408981323
2021-08-02,0.3145895430019924,0.8625764506203788
2021-08-03,0.6029471556345621,0.9098445177078247
2021-08-04,0.2614611642701285,0.8218933003289359
2021-08-05,0.036902010440826416,0.8899376392364502
2021-08-06,-0.914980985224247,0.914980985224247
2021-08-07,0.8791922330856323,0.8791922330856323
2021-08-08,0.5256388187408447,0.5256388187408447
2021-08-09,-0.07547239462534587,0.8065921664237976
2021-08-10,0.29896314577622846,0.8063943548636003
2021-08-11,0.8571492433547974,0.8571492433547974
2021-08-12,0.7306806047757467,0.7306806047757467
2021-08-13,0.9370225369930267,0.9370225369930267
2021-08-14,0.0,0.0
2021-08-15,0.0,0.0
2021-08-16,0.8354136347770691,0.8354136347770691
2021-08-17,0.859116941690445,0.859116941690445
2021-08-18,0.8954428434371948,0.8954428434371948
2021-08-19,-0.4690288007259369,0.8072435557842255
2021-08-20,-0.614686393737793,0.9029186010360718
2021-08-21,0.0,0.0
2021-08-22,0.8648439248402914,0.8648439248402914
2021-08-23,0.8385031223297119,0.8385031223297119
2021-08-24,0.7046115398406982,0.7897320687770844
2021-08-25,0.7912304600079855,0.7912304600079855
2021-08-26,0.7470060348510742,0.7982398629188537
2021-08-27,0.8321492671966553,0.8321492671966553
2021-08-28,-0.47213348746299744,0.9258777499198914
2021-08-29,0.8177439570426941,0.8177439570426941
2021-08-30,0.0,0.857267439365387
2021-08-31,0.6494020904813494,0.8475449170385089
2021-09-01,0.0,0.8196156919002533
2021-09-02,0.31697072585423786,0.8045847614606222
2021-09-03,0.5725959738095602,0.8508159816265106
2021-09-04,0.45850682258605957,0.8882018625736237
2021-09-05,0.8958058506250381,0.8958058506250381
2021-09-06,0.7032745456695557,0.9207415580749512
2021-09-07,0.41868067979812623,0.8990127682685852
2021-09-08,0.47793078422546387,0.7343026399612427
2021-09-09,0.0,0.0
2021-09-10,-0.47334304451942444,0.8630640804767609
2021-09-11,0.0,0.9436950087547302
2021-09-12,0.9254943331082662,0.9254943331082662
2021-09-13,-0.21685388684272766,0.9102072914441427
2021-09-14,-0.01746135950088501,0.9558817148208618
2021-09-15,0.4952257424592972,0.8464410752058029
2021-09-16,0.9329519867897034,0.9329519867897034
2021-09-17,0.8747785091400146,0.8747785091400146
2021-09-18,0.0,0.0
2021-09-19,0.0,0.46282047033309937
2021-09-20,0.0,0.6285792738199234
2021-09-21,-0.31977540254592896,0.6905505806207657
2021-09-22,0.2490822332245963,0.882989261831556
2021-09-23,0.7563345091683524,0.8750747953142438
2021-09-24,0.9446031153202057,0.9446031153202057
2021-09-25,0.0,0.0
2021-09-26,0.4620829224586487,0.784893274307251
2021-09-27,0.9099907534463065,0.9099907534463065
2021-09-28,0.0,0.9499900937080383
2021-09-29,0.27066471179326373,0.6733713150024414
2021-09-30,-0.4807708263397217,0.9065195918083191
2021-10-01,-0.05954478979110718,0.6728301286697388
2021-10-02,-0.2923591136932373,0.8338311513264974
2021-10-03,-0.8698821067810059,0.8698821067810059
2021-10-04,-0.034119983514149986,0.8994736274083456
2021-10-05,0.20147382020950316,0.8818452954292297
2021-10-06,0.3428153991699219,0.839352031548818
2021-10-07,0.600386893749237,0.8473318040370941
2021-10-08,0.6813239231705666,0.8992735669016838
2021-10-09,0.29406992594401044,0.872275710105896
2021-10-10,0.6193307854912498,0.7990438883954828
2021-10-11,0.2974018913048964,0.7909749723397769
2021-10-12,0.5998603701591492,0.911819060643514
2021-10-13,0.18412874503569168,0.8021796616640958
2021-10-14,0.484475443760554,0.9170439143975576
2021-10-15,0.6185390949249268,0.7205430790781975
2021-10-16,0.0,0.7279807130495707
2021-10-17,0.0,0.0
2021-10-18,-0.923075258731842,0.923075258731842
2021-10-19,0.38304104123796734,0.8751723766326904
2021-10-20,-0.32229145367940265,0.7970274289449056
2021-10-21,-0.11392774846818712,0.9117006527052985
2021-10-22,0.687753564119339,0.8798268169164658
2021-10-23,0.810022873537881,0.9280217460223606
2021-10-24,-0.4183998107910156,0.8641021649042765
2021-10-25,0.36610326170921326,0.8952532495771136
2021-10-26,0.47108930349349976,0.8788864314556122
2021-10-27,0.010325806481497628,0.9098776493753705
2021-10-28,-0.9739901423454285,0.9739901423454285
2021-10-29,-0.8051111102104187,0.9139814178148905
2021-10-30,0.906685471534729,0.906685471534729
2021-10-31,-0.971758246421814,0.971758246421814
2021-11-01,-0.014350056648254395,0.7517697811126709
2021-11-02,-0.9685373306274414,0.9685373306274414
2021-11-03,-0.974497988820076,0.974497988820076
2021-11-04,0.0,0.0
2021-11-05,-0.21888597309589386,0.9189482480287552
2021-11-06,-0.21645383536815643,0.8804967105388641
2021-11-07,0.0,0.6436474323272705
2021-11-08,0.15781112760305405,0.6438205912709236
2021-11-09,-0.027286733899797713,0.8606961965560913
2021-11-10,0.0,0.0
2021-11-11,0.6330098907152811,0.9140775799751282
2021-11-12,0.46865060925483704,0.8372848033905029
2021-11-13,0.46827754378318787,0.9435844421386719
2021-11-14,-0.5604540109634399,0.5604540109634399
2021-11-15,0.0,0.0
2021-11-16,-0.7914028267065684,0.87090931336085
2021-11-17,-0.9709101849132113,0.9709101849132113
2021-11-18,0.8728673458099365,0.8728673458099365
2021-11-19,0.0,0.9338730573654175
2021-11-20,-0.29484795331954955,0.7574296951293945
2021-11-21,-0.9230995178222656,0.9230995178222656
2021-11-22,-0.7557992750690097,0.8638000190258026
2021-11-23,-0.5381379187107086,0.8512401908636094
2021-11-24,0.16288902759552001,0.72655548453331
2021-11-25,0.4583539664745331,0.8381920754909515
2021-11-26,0.37813901238971287,0.8447014292081197
2021-11-27,0.0,0.0
2021-11-28,-0.805465966463089,0.805465966463089
2021-11-29,0.12054009363055229,0.7404152229428291
2021-11-30,0.2817860047022502,0.6697261333465576
2021-12-01,0.46264928579330444,0.911596953868866
2021-12-02,0.927307978272438,0.927307978272438
2021-12-03,0.12192038695017497,0.894208957751592
2021-12-04,0.0,0.0
2021-12-05,-0.039138391613960266,0.8099593967199326
2021-12-06,-0.9735327959060669,0.9735327959060669
2021-12-07,0.18410672460283553,0.7383023244994027
2021-12-08,0.48781045419829233,0.8450627028942108
2021-12-09,0.6324371153658087,0.855030970139937
2021-12-10,0.4538663625717163,0.9398682713508606
2021-12-11,0.0,0.0
2021-12-12,0.8933892448743185,0.8933892448743185
2021-12-13,-0.3671906211159446,0.864293862472881
2021-12-14,-0.6485945185025533,0.9136609435081482
2021-12-15,-0.3881853520870209,0.6945828497409821
2021-12-16,-0.0013404607772827149,0.7630557477474212
2021-12-17,-0.013492405414581299,0.8611354827880859
2021-12-18,-0.572930375734965,0.8795872330665588
2021-12-19,-0.9704092741012573,0.9704092741012573
2021-12-20,-0.640750507513682,0.8501173257827759
2021-12-21,0.15428685396909714,0.5881638005375862
2021-12-22,0.3797160506248474,0.911514961719513
2021-12-23,0.433000773191452,0.6858540773391724
2021-12-24,0.25956210494041443,0.7084571123123169
2021-12-25,0.0,0.0
2021-12-26,0.8285342256228129,0.8285342256228129
2021-12-27,-0.02696467936038971,0.7332716509699821
2021-12-28,0.5931474169095358,0.8857975800832113
2021-12-29,0.1667895515759786,0.8239142894744873
2021-12-30,-0.3607969358563423,0.9429205358028412
2021-12-31,0.6105579197406769,0.782515549659729
2022-01-01,0.0,0.0
2022-01-02,0.032054603099823,0.6694614291191101
2022-01-03,0.2287045270204544,0.7329868972301483
2022-01-04,0.49697306752204895,0.8351943969726563
2022-01-05,0.32087641954421997,0.691264808177948
2022-01-06,0.2216736562550068,0.7614966742694378
2022-01-07,0.5629644592603048,0.8549643208583196
2022-01-08,0.0,0.0
2022-01-09,0.6572409187044416,0.8406118495123727
2022-01-10,0.3186545968055725,0.799667501449585
2022-01-11,0.06203482151031494,0.7661226153373718
2022-01-12,0.9019797444343567,0.9019797444343567
2022-01-13,0.43908511598904926,0.7793816030025482
2022-01-14,0.5029413342475891,0.7969000697135925
2022-01-15,0.0,0.0
2022-01-16,0.6034239530563354,0.7338517606258392
2022-01-17,0.2432405650615692,0.692941278219223
2022-01-18,-0.3144853413105011,0.8766507506370544
2022-01-19,0.0,0.8975922018289566
2022-01-20,-0.6225581665833791,0.9269775648911794
2022-01-21,0.5004484100001199,0.9113239858831678
2022-01-22,0.46493929624557495,0.868478000164032
2022-01-23,-0.8930964469909668,0.8930964469909668
2022-01-24,0.3047817498445511,0.8841463416814804
2022-01-25,-0.5919129103422165,0.8510622009634972
2022-01-26,0.4643581807613373,0.8410797566175461
2022-01-27,0.0,0.5105820894241333
2022-01-28,0.0,0.6363820880651474
2022-01-29,0.0,0.0
2022-01-30,-0.9673503637313843,0.9673503637313843
2022-01-31,0.8464589317639669,0.8464589317639669
2022-02-01,0.9492567181587219,0.9492567181587219
2022-02-02,0.0,0.0
2022-02-03,0.0,0.0
2022-02-04,0.0,0.8451091647148132
2022-02-05,0.6142792105674744,0.6142792105674744
2022-02-06,-0.9336255788803101,0.9336255788803101
2022-02-07,-0.22257137298583984,0.9076632112264633
2022-02-08,0.0,0.7100369334220886
2022-02-09,0.0,0.0
2022-02-10,0.4769788185755412,0.75839896996816
2022-02-11,0.016725977261861164,0.8844294945398966
2022-02-12,0.6228169351816177,0.8464101105928421
2022-02-13,-0.01922609806060791,0.6820230722427368
2022-02-14,0.7922081649303436,0.7922081649303436
2022-02-15,0.20537717640399933,0.7890246162811915
2022-02-16,0.0,0.623799204826355
2022-02-17,-0.074397873878479,0.7635100722312927
2022-02-18,-0.2561618447303772,0.7015020608901977
2022-02-19,0.3510110080242157,0.814568042755127
2022-02-20,0.0,0.0
2022-02-21,0.0,0.8913943370183309
2022-02-22,0.7176373600959778,0.7176373600959778
2022-02-23,0.3404843360185623,0.809444472193718
2022-02-24,-0.32441476980845135,0.8681251009305319
2022-02-25,0.0,0.0
2022-02-26,-0.4732820987701416,0.9317734837532043
2022-02-27,-0.9442489743232727,0.9442489743232727
2022-02-28,-0.2813429534435272,0.931551069021225
2022-03-01,0.0,0.0
2022-03-02,0.47035592794418335,0.939723938703537
2022-03-03,-0.0366327166557312,0.915537348815373
2022-03-04,0.4542255600293477,0.7232275207837423
2022-03-05,0.0,0.8387836217880249
2022-03-06,0.0,0.0
2022-03-07,0.4546739459037781,0.9293484389781952
2022-03-08,-0.4442048966884613,0.7774578332901001
2022-03-09,0.7843055214200702,0.8699803607804435
2022-03-10,0.09367642402648926,0.7973251581192017
2022-03-11,0.0,0.5940269827842712
2022-03-12,0.0,0.0
2022-03-13,0.7373770475387573,0.7373770475387573
2022-03-14,0.8970999419689178,0.8970999419689178
2022-03-15,-0.05635923892259598,0.8819456472992897
2022-03-16,0.0,0.0
2022-03-17,0.163939967751503,0.809315487742424
2022-03-18,0.0,0.0
2022-03-19,0.020145714282989502,0.4881874918937683
2022-03-20,0.6883370131254196,0.9045120477676392
2022-03-21,0.10420124530792237,0.848089051246643
2022-03-22,0.9284822940826416,0.9284822940826416
2022-03-23,0.30041640996932983,0.8346853057543436
2022-03-24,0.0,0.9383838176727295
2022-03-25,-0.22287356853485107,0.8430705865224203
2022-03-26,0.0,0.0
2022-03-27,-0.34681667884190875,0.8054256240526835
2022-03-28,0.3165766994158427,0.8820256988207499
2022-03-29,-0.9182076454162598,0.9182076454162598
2022-03-30,0.10440693795681,0.8136041313409805
2022-03-31,-0.2636927515268326,0.8801026195287704
2022-04-01,0.09889236092567444,0.7527351677417755
2022-04-02,-0.9711729288101196,0.9711729288101196
2022-04-03,0.28596176703770954,0.8864668409029642
2022-04-04,0.9108802676200867,0.9108802676200867
2022-04-05,0.30364056428273517,0.9450855255126953
2022-04-06,0.0,0.7700321674346924
2022-04-07,-0.8192995190620422,0.8192995190620422
2022-04-08,0.5139839847882589,0.6955756942431132
2022-04-09,0.0,0.0
2022-04-10,0.0,0.0
2022-04-11,0.0,0.7255607545375824
2022-04-12,0.0,0.8424605429172516
2022-04-13,0.9199089407920837,0.9199089407920837
2022-04-14,0.31773871183395386,0.9080971479415894
2022-04-15,-0.452066570520401,0.8900150060653687
2022-04-16,0.0,0.0
2022-04-17,-0.9379940927028656,0.9379940927028656
2022-04-18,0.0,0.0
2022-04-19,0.321671982606252,0.9029505252838135
2022-04-20,0.012813103199005128,0.812285304069519
2022-04-21,0.7409990704976596,0.8962287673583398
2022-04-22,0.23440828919410706,0.8741499781608582
2022-04-23,-0.40843112766742706,0.7713537067174911
2022-04-24,-0.2824818066188267,0.8510066824299949
2022-04-25,-0.2445680797100067,0.9536281079053879
2022-04-26,-0.03552000721295675,0.8257937033971151
2022-04-27,0.6642338931560516,0.8431929886341095
2022-04-28,0.2725796898206075,0.8787793020407358
2022-04-29,-0.007796247800191243,0.8913222352663676
2022-04-30,0.0,0.0
2022-05-01,0.8506863415241241,0.8506863415241241
2022-05-02,0.0,0.0
2022-05-03,-0.8981646299362183,0.8981646299362183
2022-05-04,0.47682273387908936,0.9481551647186279
2022-05-05,0.9312762022018433,0.9312762022018433
2022-05-06,0.26348041991392773,0.9045718957980474
2022-05-07,-0.012696921825408936,0.9530865252017975
2022-05-08,-0.9682697772979736,0.9682697772979736
2022-05-09,0.12589310109615326,0.8913983516395092
2022-05-10,-0.0011089444160461426,0.9053575566836766
2022-05-11,0.0,0.0
2022-05-12,0.27083877722422284,0.8249212106068929
2022-05-13,0.11245012283325195,0.8163556357224783
2022-05-14,-0.6080845395723978,0.7799230813980103
2022-05-15,-0.46969559192657473,0.7787861704826355
2022-05-16,0.42236873507499695,0.8668839335441589
2022-05-17,-0.07579347491264343,0.7192341983318329
2022-05-18,0.013087165355682374,0.6485467076301574
2022-05-19,0.6357153058052063,0.6357153058052063
2022-05-20,0.6267559826374054,0.9172641734282175
2022-05-21,0.0,0.0
2022-05-22,0.908871610959371,0.908871610959371
2022-05-23,0.9291240870952606,0.9291240870952606
2022-05-24,-0.7405387759208679,0.7405387759208679
2022-05-25,0.0,0.0
2022-05-26,0.0,0.7757532000541687
2022-05-27,-0.02458629012107849,0.9481298625469208
2022-05-28,0.0,0.0
2022-05-29,0.5651737749576569,0.714167445898056
2022-05-30,0.42450952529907227,0.8490204215049744
2022-05-31,-0.9557851552963257,0.9557851552963257
2022-06-01,0.6800745725631714,0.6800745725631714
2022-06-02,0.5137418678828648,0.9043527330671038
2022-06-03,0.21674331029256186,0.9179894460572137
2022-06-04,0.0,0.875874400138855
2022-06-05,0.9197185635566711,0.9197185635566711
2022-06-06,0.4767315983772278,0.7731785178184509
2022-06-07,0.0,0.6609724909067154
2022-06-08,0.0,0.0
2022-06-09,0.3565045084272112,0.8399004851068769
2022-06-10,-0.7633175849914551,0.8284436240792274
2022-06-11,-0.972571849822998,0.972571849822998
2022-06-12,-0.8333043232560158,0.9494369849562645
2022-06-13,-0.3646263718605042,0.8613717079162597
2022-06-14,-0.35461791753768923,0.8039670526981354
2022-06-15,0.9512398838996887,0.9512398838996887
2022-06-16,0.06464024100984846,0.8986228108406067
2022-06-17,0.0,0.828003446261088
2022-06-18,0.2921048601468404,0.8736268083254496
2022-06-19,-0.9658605456352234,0.9658605456352234
2022-06-20,0.055472783744335175,0.7063800767064095
2022-06-21,0.0010089774926503499,0.8146960039933523
2022-06-22,-0.0070068736871083575,0.8477487166722616
2022-06-23,0.044119879603385925,0.5918803662061691
2022-06-24,0.9345369338989258,0.9345369338989258
2022-06-25,0.6628928780555725,0.6628928780555725
2022-06-26,0.8845847845077515,0.8845847845077515
2022-06-27,0.07918041944503784,0.6430527865886688
2022-06-28,0.5025165200233459,0.8123742818832398
2022-06-29,0.2538833558559418,0.7498470216989517
2022-06-30,0.0,0.46894949674606323
2022-07-01,-0.5375581681728363,0.8812588254610697
2022-07-02,0.20006920397281647,0.8462814390659332
2022-07-03,-0.9206389586130778,0.9206389586130778
2022-07-04,-0.15531433953179252,0.8374674187766181
2022-07-05,0.24703320860862732,0.6824364960193634
2022-07-06,0.0,0.9403616786003113
2022-07-07,-0.47974762320518494,0.956148624420166
2022-07-08,0.0,0.0
2022-07-09,0.5226203203201294,0.5226203203201294
2022-07-10,0.38186949491500854,0.6791971325874329
2022-07-11,0.0,0.6208107173442841
2022-07-12,0.0,0.49441787600517273
2022-07-13,0.0,0.802014172077179
2022-07-14,0.373999685049057,0.6046761572360992
2022-07-15,0.0,0.0
2022-07-16,0.0,0.0
2022-07-17,0.0,0.0
2022-07-18,0.6144208312034607,0.927442193031311
2022-07-19,-0.15265978376070657,0.7686122159163157
2022-07-20,0.5139097041553922,0.8276089529196421
2022-07-21,-0.9334949851036072,0.9334949851036072
2022-07-22,0.4149555489420891,0.8913090899586678
2022-07-23,-0.019508183002471924,0.9468154311180115
2022-07-24,0.8548903663953146,0.8548903663953146
2022-07-25,-0.5290467305616899,0.8633279312740673
2022-07-26,0.3080222209294637,0.9232432643572489
2022-07-27,0.12056465943654378,0.7666443188985189
2022-07-28,0.0,0.0
2022-07-29,-0.04224586486816406,0.7407230734825134
2022-07-30,0.46887779235839844,0.9176443815231323
2022-07-31,0.0,0.0
2022-08-01,0.1814078539609909,0.8604433089494705
2022-08-02,0.3974205404520035,0.8342570811510086
2022-08-03,-0.2962651252746582,0.8359927932421366
2022-08-04,-0.46602384746074677,0.8198002278804779
2022-08-05,-0.7980856597423553,0.7980856597423553
2022-08-06,0.0,0.0
2022-08-07,0.466243639588356,0.9377152025699615
2022-08-08,0.40367763572269016,0.8956174850463867
2022-08-09,0.00412653386592865,0.7546989917755127
2022-08-10,-0.19319756031036378,0.9256411910057067
2022-08-11,0.8023790121078491,0.8023790121078491
2022-08-12,0.0,0.0
2022-08-13,0.9395865201950073,0.9395865201950073
2022-08-14,0.9367873966693878,0.9367873966693878
2022-08-15,-0.2902183532714844,0.8613408207893372
2022-08-16,0.33518603444099426,0.8118025660514832
2022-08-17,0.6547136306762695,0.6547136306762695
2022-08-18,0.3462030589580536,0.8161020576953888
2022-08-19,0.0,0.9463695287704468
2022-08-20,0.0,0.0
2022-08-21,-0.7501746654510498,0.8483758211135864
2022-08-22,-0.42561808228492737,0.8830004632472992
2022-08-23,-0.3097654382387797,0.8280332485834757
2022-08-24,0.0,0.48259904980659485
2022-08-25,0.2748192846775055,0.744330108165741
2022-08-26,0.1342191845178604,0.7339454144239426
2022-08-27,0.0,0.0
2022-08-28,-0.7832284271717072,0.7832284271717072
2022-08-29,0.09492626098486093,0.8656499951313703
2022-08-30,0.3297196810062115,0.8574756613144507
2022-08-31,0.938102662563324,0.938102662563324
2022-09-01,-0.4547671750187874,0.8752821013331413
2022-09-02,0.0,0.8007665574550629
2022-09-03,0.0,0.0
2022-09-04,-0.33311661084493,0.9421740372975668
2022-09-05,0.47584894895553587,0.8657672047615051
2022-09-06,0.19685321301221848,0.828413188457489
2022-09-07,-0.4857660233974457,0.9514192640781403
2022-09-08,0.0,0.0
2022-09-09,-0.47045189142227173,0.9144516885280609
2022-09-10,0.2726450800895691,0.8215062499046326
2022-09-11,0.9323254227638245,0.9323254227638245
2022-09-12,0.0,0.8805798590183258
2022-09-13,0.0,0.0
2022-09-14,0.1511523574590683,0.8715308457612991
2022-09-15,0.0,0.0
2022-09-16,-0.9724245071411133,0.9724245071411133
2022-09-17,0.0,0.9095791876316071
2022-09-18,-0.29226136207580566,0.5910659730434418
2022-09-19,0.2487072547276815,0.8022220730781555
2022-09-20,0.4338887333869934,0.8323579132556915
2022-09-21,0.41512390971183777,0.884695291519165
2022-09-22,0.42641159892082214,0.8959789872169495
2022-09-23,0.1709587335586548,0.9062747001647949
2022-09-24,0.0,0.0
2022-09-25,-0.9003214637438456,0.9003214637438456
2022-09-26,0.0,0.936156690120697
2022-09-27,0.0,0.7979569435119629
2022-09-28,-0.6251203775405884,0.8869145631790161
2022-09-29,-0.21942100524902344,0.9058813452720642
2022-09-30,-0.5073363780975342,0.5073363780975342
2022-10-01,0.5531784196694692,0.7823610405127207
2022-10-02,-0.9677057464917501,0.9677057464917501
2022-10-03,-0.018869837125142414,0.8481593330701193
2022-10-04,0.5633774201075236,0.8763725360234579
2022-10-05,-0.576267679532369,0.8710787296295166
2022-10-06,-0.25265393654505414,0.8813569943110148
2022-10-07,0.0,0.9252932369709015
2022-10-08,0.0,0.7856249809265137
2022-10-09,0.17103137969970703,0.8911293029785157
2022-10-10,-0.1384810209274292,0.8319251537322998
2022-10-11,-0.973388671875,0.973388671875
2022-10-12,0.4672955870628357,0.9353346526622772
2022-10-13,-0.45566922426223755,0.9236730933189392
2022-10-14,-0.28757617870966595,0.9030277729034424
2022-10-15,-0.9763975143432617,0.9763975143432617
2022-10-16,-0.9721088409423828,0.9721088409423828
2022-10-17,0.08300340175628662,0.8519950083323887
2022-10-18,0.8794256448745728,0.8794256448745728
2022-10-19,-0.24386540055274963,0.8753245025873184
2022-10-20,0.175618514418602,0.732091024518013
2022-10-21,-0.04927792549133301,0.8884513676166534
2022-10-22,-0.1902590493361155,0.8909401496251425
2022-10-23,0.5383602499961853,0.904815423488617
2022-10-24,0.614565392335256,0.9058632453282675
2022-10-25,-0.3862126072247823,0.8970631493462456
2022-10-26,0.0,0.894517719745636
2022-10-27,-0.3254860043525696,0.9353073239326477
2022-10-28,0.5582901835441589,0.8702315290768942
2022-10-29,0.0,0.833087146282196
2022-10-30,0.9154026508331299,0.9154026508331299
2022-10-31,0.0,0.8968908786773682
2022-11-01,0.24863783518473306,0.8296339511871338
2022-11-02,-0.6933320760726929,0.6933320760726929
2022-11-03,0.0,0.9390443563461304
2022-11-04,0.0,0.931399017572403
2022-11-05,0.0,0.0
2022-11-06,0.8367872476577759,0.8367872476577759
2022-11-07,0.2521899739901225,0.8779017527898153
2022-11-08,0.778925746679306,0.778925746679306
2022-11-09,0.9494291543960571,0.9494291543960571
2022-11-10,0.10879333317279816,0.5864060968160629
2022-11-11,0.3858780562877655,0.8015085756778717
2022-11-12,0.0,0.0
2022-11-13,0.4720040559768677,0.9273243546485901
2022-11-14,-0.585030992825826,0.8942319552103678
2022-11-15,0.0,0.9391865730285645
2022-11-16,0.036086718241373696,0.9044428070386251
2022-11-17,0.0,0.0
2022-11-18,0.3360591232776642,0.8054176867008209
2022-11-19,0.0,0.6021670699119568
2022-11-20,0.8482367992401123,0.8482367992401123
2022-11-21,-0.9135416597127914,0.9135416597127914
2022-11-22,-0.029242336750030518,0.8890838921070099
2022-11-23,-0.9739331603050232,0.9739331603050232
2022-11-24,0.0,0.9357142448425293
2022-11-25,0.36086212396621703,0.8905120134353638
2022-11-26,-0.3222600817680359,0.8496840397516886
2022-11-27,0.9392487406730652,0.9392487406730652
2022-11-28,0.6398939490318298,0.880693256855011
2022-11-29,-0.807440996170044,0.807440996170044
2022-11-30,0.7290985286235809,0.7290985286235809
2022-12-01,0.18658715912273952,0.7876126638480595
2022-12-02,0.0,0.8140203952789307
2022-12-03,0.0,0.0
2022-12-04,0.928935706615448,0.928935706615448
2022-12-05,-0.9686301648616791,0.9686301648616791
2022-12-06,0.0,0.9360906481742859
2022-12-07,0.0,0.0
2022-12-08,0.835319459438324,0.835319459438324
2022-12-09,0.22235609803880965,0.8730194568634033
2022-12-10,0.0,0.0
2022-12-11,-0.8686045408248901,0.8686045408248901
2022-12-12,0.0,0.0
2022-12-13,0.8839677572250366,0.8839677572250366
2022-12-14,0.0,0.0
2022-12-15,0.0,0.9412745833396912
2022-12-16,-0.019802510738372803,0.8537631511688233
2022-12-17,0.7271361947059631,0.7271361947059631
2022-12-18,-0.9752248525619507,0.9752248525619507
2022-12-19,0.9236765503883362,0.9236765503883362
2022-12-20,0.014036774635314941,0.9302265644073486
2022-12-21,-0.3241684039433797,0.9105819265047709
2022-12-22,0.3642290234565735,0.8169727176427841
2022-12-23,0.0,0.9264509201049804
2022-12-24,0.0,0.7564762830734253
2022-12-25,-0.7621435324350992,0.7621435324350992
2022-12-26,-0.31043118238449097,0.8937718272209167
2022-12-27,0.0,0.9400800466537476
2022-12-28,0.4224884377585517,0.8196451001697116
2022-12-29,0.2995597794651985,0.8322581723332405
2022-12-30,0.34057798981666565,0.7906010150909424
2022-12-31,0.0,0.9351418018341064
2023-01-01,0.869802713394165,0.869802713394165
2023-01-02,0.600742906332016,0.8116516619920731
2023-01-03,-0.30890146891276044,0.9462639888127645
2023-01-04,-0.18733000755310059,0.9137553572654724
2023-01-05,0.0,0.0
2023-01-06,-0.20280158519744873,0.7738786737124125
2023-01-07,0.0,0.0
2023-01-08,-0.9637873768806458,0.9637873768806458
2023-01-09,0.24120261271794638,0.72011399269104
2023-01-10,-0.5765400330225626,0.8760348955790201
2023-01-11,-0.7264791369438172,0.8883656978607177
2023-01-12,-0.19295432170232138,0.741257925828298
2023-01-13,-0.1561194360256195,0.810302346944809
2023-01-14,0.0,0.9343704581260681
2023-01-15,-0.8018728892008463,0.8018728892008463
2023-01-16,-0.3483702838420868,0.8641147315502167
2023-01-17,0.0,0.8141391277313232
2023-01-18,0.0,0.0
2023-01-19,0.0,0.0
2023-01-20,0.3147700639332042,0.8965019899256089
2023-01-21,-0.9614244997501373,0.9614244997501373
2023-01-22,0.49482110142707825,0.49482110142707825
2023-01-23,0.41758992997082794,0.8921235312115062
2023-01-24,0.0,0.8853789269924164
2023-01-25,-0.2353571355342865,0.7308168709278107
2023-01-26,0.0,0.0
2023-01-27,-0.9257643669843674,0.9257643669843674
2023-01-28,0.0,0.0
2023-01-29,-0.9561279714107513,0.9561279714107513
2023-01-30,0.0,0.0
2023-01-31,-0.36369435489177704,0.7589353770017624
2023-02-01,0.302539865175883,0.9289400577545166
2023-02-02,0.0,0.0
2023-02-03,0.0,0.9390852451324463
2023-02-04,-0.4641503691673279,0.4641503691673279
2023-02-05,0.8404695093631744,0.8404695093631744
2023-02-06,0.31536391377449036,0.7362814396619797
2023-02-07,0.9117911159992218,0.9117911159992218
2023-02-08,0.2897032101949056,0.9386246999104818
2023-02-09,-0.6468208233515421,0.8429810206095377
2023-02-10,-0.0625213895525251,0.8547502926417759
2023-02-11,0.8759030103683472,0.8759030103683472
2023-02-12,-0.951563835144043,0.951563835144043
2023-02-13,-0.12009302377700806,0.7987802028656006
2023-02-14,0.6031503876050314,0.9161805907885233
2023-02-15,0.18478069305419922,0.9380914449691773
2023-02-16,0.37732625007629395,0.7605337202548981
2023-02-17,0.0,0.8950360417366028
2023-02-18,0.0,0.8443025549252828
2023-02-19,0.5596102923154831,0.7756824940443039
2023-02-20,-0.5795704603195191,0.9593179941177368
2023-02-21,0.47349831461906433,0.9430924654006958
2023-02-22,-0.03299307823181152,0.7335401674111685
2023-02-23,-0.6076161662737528,0.9206516941388448
2023-02-24,0.5249311526616415,0.8379478255907694
2023-02-25,0.0,0.0
2023-02-26,-0.9724989831447601,0.9724989831447601
2023-02-27,0.8794758915901184,0.8794758915901184
2023-02-28,0.0,0.0
2023-03-01,0.0,0.9411695003509521
2023-03-02,0.0,0.950106143951416
2023-03-03,0.15459258357683817,0.8576123416423798
2023-03-04,0.40232187509536743,0.8367984592914581
2023-03-05,0.4516189396381378,0.8362842798233032
2023-03-06,0.9205955862998962,0.9205955862998962
2023-03-07,-0.927635133266449,0.927635133266449
2023-03-08,0.0,0.0
2023-03-09,-0.029234755039215087,0.8702678322792053
2023-03-10,0.23969125747680664,0.7127819657325745
2023-03-11,0.0,0.947648823261261
2023-03-12,-0.8963478356599808,0.8963478356599808
2023-03-13,-0.64747687180837,0.8935842315355936
2023-03-14,0.4625466763973236,0.8564059734344482
2023-03-15,-0.38540294021368027,0.8914534524083138
2023-03-16,-0.26663298077053493,0.897557000319163
2023-03-17,-0.32106099526087445,0.9390822052955627
2023-03-18,-0.8178384900093079,0.8178384900093079
2023-03-19,-0.07313615083694458,0.7481048405170441
2023-03-20,-0.6397384643554688,0.8263743877410888
2023-03-21,0.35725242561764187,0.8964300221867032
2023-03-22,0.10142070055007935,0.7618481874465942
2023-03-23,-0.3677346482872963,0.8393485471606255
2023-03-24,-0.04486034313837687,0.864982008934021
2023-03-25,0.0,0.9244467735290527
2023-03-26,-0.9705052375793457,0.9705052375793457
2023-03-27,0.25955318553107126,0.8895921281405857
2023-03-28,0.47460266947746277,0.934418648481369
2023-03-29,-0.2487068697810173,0.8376670032739639
2023-03-30,0.0,0.942143440246582
2023-03-31,0.4054229422049089,0.8620831858028065
2023-04-01,0.9336447715759277,0.9336447715759277
2023-04-02,0.9307497888803482,0.9307497888803482
2023-04-03,-0.1583026945590973,0.7520997822284698
2023-04-04,0.4073134660720825,0.7805947462717692
2023-04-05,0.035102554730006626,0.8588896989822388
2023-04-06,0.1882593035697937,0.7341190576553345
2023-04-07,0.0,0.0
2023-04-08,0.0,0.0
2023-04-09,0.0,0.0
2023-04-10,0.8534926772117615,0.8534926772117615
2023-04-11,0.3141902486483256,0.7785578370094299
2023-04-12,0.08847391605377197,0.7752414147059122
2023-04-13,-0.15985933939615884,0.6958872477213541
2023-04-14,-0.9702935218811035,0.9702935218811035
2023-04-15,0.7154375314712524,0.7154375314712524
2023-04-16,0.0,0.897314041852951
2023-04-17,0.4076634347438812,0.8814152181148529
2023-04-18,0.07825130224227905,0.8732404112815857
2023-04-19,0.0,0.9066680669784546
2023-04-20,0.5571688016255697,0.863619307676951
2023-04-21,0.4244404633839925,0.9066684331212725
2023-04-22,0.30356165021657944,0.8505924865603447
2023-04-23,-0.05710090398788452,0.8030586779117584
2023-04-24,0.6943909823894501,0.9262426892916361
2023-04-25,0.47647130489349365,0.9252307713031769
2023-04-26,0.3176433245340983,0.8980186978975931
2023-04-27,0.9466733038425446,0.9466733038425446
2023-04-28,0.8804879486560822,0.8804879486560822
2023-04-29,0.0,0.0
2023-04-30,0.7983694672584534,0.7983694672584534
2023-05-01,0.3720235824584961,0.7883240282535553
2023-05-02,0.9480265378952026,0.9480265378952026
2023-05-03,0.23411357998847962,0.6826595008373261
2023-05-04,0.5575719773769379,0.834092490375042
2023-05-05,0.0,0.0
2023-05-06,0.0,0.9312649965286255
2023-05-07,0.0,0.0
2023-05-08,0.0,0.6988903284072876
2023-05-09,-0.2555034416062491,0.8996252843311855
2023-05-10,0.5781083504358927,0.877654492855072
2023-05-11,-0.11341643333435059,0.8135895282030106
2023-05-12,0.0,0.8982205986976624
2023-05-13,0.0,0.0
2023-05-14,0.4385145455598831,0.8916155248880386
2023-05-15,-0.9748857021331787,0.9748857021331787
2023-05-16,-0.16283684968948364,0.8524693697690964
2023-05-17,-0.04783223867416382,0.8593765497207642
2023-05-18,0.0,0.0
2023-05-19,0.0,0.9390888214111328
2023-05-20,0.8473549485206604,0.8473549485206604
2023-05-21,-0.8830291032791138,0.8830291032791138
2023-05-22,0.7324970722198486,0.9176701664924621
2023-05-23,-0.9583213627338409,0.9583213627338409
2023-05-24,-0.262044221162796,0.8968624025583267
2023-05-25,-0.32204874356587726,0.8867196639378866
2023-05-26,0.5483993589878082,0.9187028348445893
2023-05-27,0.0,0.0
2023-05-28,0.9397768676280975,0.9397768676280975
2023-05-29,-0.1275889754295349,0.8691649913787842
2023-05-30,0.0,0.8651030460993449
2023-05-31,0.35642319917678833,0.8207621872425079
2023-06-01,0.43893496692180634,0.838559940457344
2023-06-02,0.0,0.0
2023-06-03,0.0,0.0
2023-06-04,-0.9625505805015564,0.9625505805015564
2023-06-05,0.0,0.9304147362709045
2023-06-06,-0.32452235619227093,0.9225518504778544
2023-06-07,0.0,0.8811153173446655
2023-06-08,0.0,0.8481200337409973
2023-06-09,0.30786192417144775,0.744842067360878
2023-06-10,0.0,0.0
2023-06-11,-0.6698417067527771,0.8202398866415024
2023-06-12,0.0,0.0
2023-06-13,0.6202574968338013,0.8484669923782349
2023-06-14,0.0,0.9304191470146179
2023-06-15,0.4504397710164388,0.9181925654411316
2023-06-16,0.0,0.9055646657943726
2023-06-17,0.0,0.0
2023-06-18,0.6976021766662598,0.8635442972183227
2023-06-19,-0.07605854670206706,0.7587805589040121
2023-06-20,0.3478224277496338,0.8095149993896484
2023-06-21,0.6450996920466423,0.8777671083807945
2023-06-22,0.3247094988822937,0.8686286568641662
2023-06-23,0.0,0.9123493134975433
2023-06-24,0.0,0.0
2023-06-25,-0.5830742418766022,0.8169301599264145
2023-06-26,-0.11992806196212769,0.8533827662467957
2023-06-27,0.2411799430847168,0.702213853597641
2023-06-28,0.0,0.0
2023-06-29,0.9463914036750793,0.9463914036750793
2023-06-30,0.5357836584250132,0.8157447079817454
2023-07-01,0.0,0.9304180145263672
2023-07-02,0.0,0.0
2023-07-03,0.5677512288093567,0.884952704111735
2023-07-04,0.43038283586502074,0.8059934258460999
2023-07-05,0.46995222568511963,0.933465301990509
2023-07-06,-0.008248543739318848,0.9248297929763794
2023-07-07,0.5871942241986593,0.8939352432886759
2023-07-08,0.0,0.935853898525238
2023-07-09,0.0,0.0
2023-07-10,0.19745851755142213,0.853052540620168
2023-07-11,0.016310930252075195,0.9283701777458191
2023-07-12,0.4683757871389389,0.9340236335992813
2023-07-13,0.0,0.923214852809906
2023-07-14,0.3278891444206238,0.7819489538669586
2023-07-15,0.0,0.0
2023-07-16,0.9347684979438782,0.9347684979438782
2023-07-17,0.0,0.0
2023-07-18,0.0,0.944940733909607
2023-07-19,0.0,0.9115654975175858
2023-07-20,0.13456512093544007,0.8243090242147446
2023-07-21,-0.37169626584419835,0.9348770196621234
2023-07-22,0.7919436494509379,0.7919436494509379
2023-07-23,0.0,0.8594945073127747
2023-07-24,-0.8012743989626566,0.9321770767370859
2023-07-25,0.2151249647140503,0.8952390551567078
2023-07-26,0.4721159338951111,0.9365507662296295
2023-07-27,-0.486311674118042,0.9479034543037415
2023-07-28,0.0,0.9406945705413818
2023-07-29,0.0,0.0
2023-07-30,-0.9423446655273438,0.9423446655273438
2023-07-31,0.9398974478244781,0.9398974478244781
2023-08-01,0.5263680219650269,0.8499402165412903
2023-08-02,-0.012730141480763754,0.9461434483528137
2023-08-03,0.0,0.939832329750061
2023-08-04,0.0,0.9158715605735779
2023-08-05,0.0,0.0
2023-08-06,0.7709071785211563,0.7709071785211563
2023-08-07,0.1362466812133789,0.8153034806251526
2023-08-08,0.0,0.8340027332305908
2023-08-09,0.3603760600090027,0.824746698141098
2023-08-10,0.0,0.936174213886261
2023-08-11,0.0,0.9395485520362854
2023-08-12,0.0,0.0
2023-08-13,-0.9749879837036133,0.9749879837036133
2023-08-14,0.0,0.0
2023-08-15,0.0,0.8460633456707001
2023-08-16,0.0,0.765784740447998
2023-08-17,-0.4849136769771576,0.9514290988445282
2023-08-18,-0.1948465585708618,0.8716292977333069
2023-08-19,0.0,0.0
2023-08-20,-0.7173797488212585,0.9527388215065002
2023-08-21,0.1972487767537435,0.8473196029663086
2023-08-22,-0.48688723146915436,0.8697747737169266
2023-08-23,0.0,0.7613103091716766
2023-08-24,0.08902342451943292,0.8227746552891202
2023-08-25,0.20409912722451345,0.8482951862471444
2023-08-26,0.0,0.0
2023-08-27,-0.47939547896385193,0.9538712203502655
2023-08-28,0.3136719266573588,0.7958026677370071
2023-08-29,0.0,0.8601256012916565
2023-08-30,0.0,0.0
2023-08-31,0.0,0.0
2023-09-01,0.0,0.9455463290214539
2023-09-02,0.0,0.0
2023-09-03,0.0,0.0
2023-09-04,0.0,0.0
2023-09-05,0.0,0.0
2023-09-06,0.0,0.9283398389816284
2023-09-07,0.0,0.0
2023-09-08,0.29731929302215576,0.717906653881073
2023-09-09,0.0,0.8812077045440674
2023-09-10,0.0,0.0
2023-09-11,0.9254025816917419,0.9254025816917419
