Price,Close,High,Low,Open,Volume
Ticker,HDFCBANK.NS,HDFCBANK.NS,HDFCBANK.NS,HDFCBANK.NS,HDFCBANK.NS
Date,,,,,
2022-01-03,722.8025512695312,724.3959253104654,704.1813312029835,706.3216999908345,9069184
2022-01-04,727.0357055664062,729.1047170271323,717.1662276895983,722.9689818191866,8857352
2022-01-05,744.3013305664062,747.7021503050373,726.8216524342752,730.9597335226943,14332638
2022-01-06,732.3628540039062,739.4974166342414,727.7491933941105,733.9086759071455,9628930
2022-01-07,737.499755859375,745.2050602081262,730.5316548059,734.3843069802756,11179384
2022-01-10,741.5902099609375,747.7021401431209,735.0977465592833,741.0432152309048,8856496
2022-01-11,744.8008422851562,746.1325925725578,736.191814344952,742.7318305795472,8389198
2022-01-12,740.401123046875,749.9138730090968,738.1893970684148,745.7995970381922,21085530
2022-01-13,726.7741088867188,739.6163215437484,723.1592754547615,739.6163215437484,41963896
2022-01-14,734.9312744140625,736.6197526556398,722.4933425207672,727.7253548760855,11208968
2022-01-17,723.6824951171875,740.0919897485006,722.5647585444003,727.7254140843227,22989372
2022-01-18,727.36865234375,737.6662159084163,724.3959179463994,729.1522929821604,12341152
2022-01-19,722.2317504882812,732.3628526288228,719.8060108107658,729.6279369589961,14317626
2022-01-20,717.7369995117188,727.0119309169397,713.5038140786304,726.9881258170541,15197846
2022-01-21,723.7300415039062,727.6303040191038,706.6070907204011,713.4562826460474,11537694
2022-01-24,707.1065063476562,723.5635523601698,698.0218416410312,718.1888253449379,11868508
2022-01-25,707.7724609375,711.0781185988046,686.8206041850661,693.7887057220415,13594248
2022-01-27,701.5415649414062,706.3217454329671,682.5398684823622,689.6744315675436,28617838
2022-01-28,695.9765625,707.1302385002696,694.4307406458227,702.7543967837006,24925208
2022-01-31,706.6546630859375,709.4371891168743,697.6651601162798,700.4951802272873,12842546
2022-02-01,712.029296875,721.5420463322478,700.8280111646047,717.4991278129174,14739484
2022-02-02,728.296142578125,730.1035883666477,716.1198337589774,719.1401203787386,13969290
2022-02-03,720.7572021484375,732.4578718695587,717.736915936824,727.1307556251952,10564762
2022-02-04,724.87158203125,729.0809624800141,720.1627589609288,726.9643987359728,11579958
2022-02-07,698.3073120117188,722.4934709033818,694.4308541928489,719.2115600487182,12268042
2022-02-08,695.3106689453125,703.2062398464973,687.0821750180488,702.23121780657,13981130
2022-02-09,712.314697265625,713.3135243877856,697.7602016051236,701.0896640531371,11308342
2022-02-10,725.3947143554688,730.3413557953064,714.2410385936968,720.1151499017218,14314530
2022-02-11,722.4219970703125,725.3471792743838,713.2184231619269,713.5751512828815,10711104
2022-02-14,700.947021484375,713.1946881745109,698.8542627513499,708.6999366331057,14656620
2022-02-15,721.922607421875,725.2996219974043,700.6378296890821,702.0409370637402,13135066
2022-02-16,720.947509765625,729.9846218788012,716.7856818187674,729.7943552747017,10032264
2022-02-17,716.5479125976562,723.9202940415751,714.4075437913573,719.6871085679842,7351208
2022-02-18,719.330322265625,721.5420481321954,708.9138499717109,712.6476505919669,7796128
2022-02-21,723.9677734375,728.058244021846,711.3396335859223,715.3587469383176,7468066
2022-02-22,718.5455932617188,723.9678727153232,707.7248394554956,708.6048153348694,9536196
2022-02-23,713.8843383789062,725.6801135920207,711.3872414933543,725.3947427030585,9029562
2022-02-24,675.1199340820312,701.5415645216091,669.2933742326196,689.6268790132194,23630766
2022-02-25,692.5757446289062,697.2370153028564,681.5171728738023,684.8941874749454,18318654
2022-02-28,678.3779907226562,684.2283552518861,672.5752363928466,678.2590813465437,24880832
2022-03-02,653.6448974609375,665.1315558068055,644.2035037869538,659.4714573982826,38505560
2022-03-03,652.0990600585938,662.0874482870623,648.2464076398575,656.8554354054835,17527922
2022-03-04,649.958740234375,659.2336728612103,635.8798797566552,646.86709602543,21219364
2022-03-07,630.1246337890625,633.715662365495,616.9256921049088,627.1280940741168,27054458
2022-03-08,631.551513671875,634.5004430311901,614.5236674634915,619.3751468768733,39212492
2022-03-09,652.1703491210938,653.8588273559873,627.2944854329724,632.5978550025679,23134694
2022-03-10,662.4202880859375,678.734676699917,656.4986247477649,678.734676699917,22273206
2022-03-11,664.3704833984375,670.149432575976,652.9075731964616,660.1848501728542,15150780
2022-03-14,686.130859375,689.6743353216494,673.0270237794027,673.0270237794027,25018126
2022-03-15,677.3078002929688,689.436556548215,671.4812409154484,686.5827315469807,18867928
2022-03-16,688.79443359375,692.0525387446689,683.1105308271242,688.2474388752825,13364108
2022-03-17,703.9673461914062,708.6048120871039,699.4487896776494,700.1384408684183,14823954
2022-03-21,707.03515625,710.4359760473683,700.5189456092843,707.2729750042046,12257876
2022-03-22,710.6737670898438,712.5049598135698,693.0989270027054,704.561836957358,10461814
2022-03-23,703.5867919921875,722.3982788795391,700.8994284281059,716.785732994576,31188256
2022-03-24,686.1784057617188,699.0206174152978,682.3257538778879,697.2845290424785,20160044
2022-03-25,680.5896606445312,690.6255995491529,674.929563195763,690.1499620838986,16366462
2022-03-28,681.493408203125,683.9666998878296,666.6534839112492,680.589685374062,15754886
2022-03-29,690.530517578125,694.5496310648167,680.16159727628,685.3936095630206,12377448
2022-03-30,702.4928588867188,705.2515799115708,691.6008053997855,700.138476229865,20109742
2022-03-31,699.3536376953125,706.1790247075883,697.2370738898979,699.6628137051833,14295714
2022-04-01,716.31005859375,718.2126085501743,699.3298234571498,702.2312005284535,14568556
2022-04-04,788.0362548828125,819.0953496497071,743.2074192757403,751.5072706543655,97450970
2022-04-05,764.9440307617188,792.7450201895066,761.9712963036054,792.7450201895066,30922582
2022-04-06,737.6424560546875,756.1685727920734,735.9777246900588,755.1696875243184,27027860
2022-04-07,721.4232177734375,733.1238893042467,719.9725000942207,733.1001422646726,40781732
2022-04-08,720.4243774414062,725.7039422730295,712.1720781256234,719.211478547381,41256322
2022-04-11,711.6250610351562,718.2126288330701,710.245700665551,716.3100788229164,20799066
2022-04-12,710.3645629882812,716.7143116143333,704.0148143622292,705.8460070134646,27435402
2022-04-13,696.78515625,714.5502639320367,695.691224799288,708.6998992573039,28892520
2022-04-18,663.728271484375,680.946382402984,661.1598756448884,674.858199679933,45620376
2022-04-19,638.400634765625,660.9221170332797,631.1709679279387,656.8078410106541,74096022
2022-04-20,644.1558227539062,646.8193808657757,635.1424582257645,644.2271219225465,49325736
2022-04-21,653.6924438476562,656.2847032867525,643.68030843123,649.2452444448392,52446270
2022-04-22,644.7742309570312,654.1680722750773,641.7063920801837,646.8670477236759,20659148
2022-04-25,649.601806640625,651.9324416118557,628.9115788618462,642.1105172724465,20935488
2022-04-26,652.5984497070312,657.3072144691479,645.5114394033479,652.5746446077407,17016842
2022-04-27,652.8363037109375,655.9041425017765,645.0120316413157,646.8670295884091,18054334
2022-04-28,652.2654418945312,655.9040802026046,647.8657952361744,652.5746178665507,20773722
2022-04-29,658.5676879882812,668.1517954743881,652.3606532888389,656.5462285607915,28401476
2022-05-02,667.6522827148438,668.9602857363819,647.8420288557909,647.8420288557909,19494316
2022-05-04,644.9644165039062,667.6047487158417,642.1105916521191,665.8924654170124,29055916
2022-05-05,643.5137939453125,654.001625047842,640.4459550013958,654.001625047842,17862912
2022-05-06,626.7000122070312,634.976117030004,624.5120911313822,632.5979293257718,26731268
2022-05-09,627.7701416015625,630.9331425829555,616.1883801102291,618.32874885627,32762434
2022-05-10,637.8536987304688,643.537543685614,625.4871236116026,625.4871236116026,20113812
2022-05-11,641.4447021484375,644.4887936717504,631.9557575251372,643.5375186995411,17102924
2022-05-12,626.985595703125,638.4133285913138,622.1498368180273,635.6706374563736,22382290
2022-05-13,621.35595703125,634.1790892090257,619.262889083472,630.353829122959,16768238
2022-05-16,627.9719848632812,631.292053906236,618.4448991695826,625.0368734940553,9804356
2022-05-17,632.2544555664062,633.6979588896172,624.6519812363082,631.580808934981,16641444
2022-05-18,632.2063598632812,641.5410265716883,630.3297937681616,637.0902245927911,15732384
2022-05-19,619.2869262695312,623.7858326225379,615.076708796021,618.8778867259274,20537506
2022-05-20,635.5985107421875,637.1623059170763,621.837124950426,626.9615731938593,13919350
2022-05-23,627.4427490234375,639.9290287015857,625.0850152898169,632.2544265466233,19486320
2022-05-24,634.63623046875,637.5473190805823,624.0265159854545,625.5181243809486,12870796
2022-05-25,639.375732421875,642.8160348600121,636.6811460213428,639.9531102298189,12887112
2022-05-26,657.6119384765625,659.6809832899339,644.7647830842534,645.7993054909392,26992428
2022-05-27,669.8095703125,671.0846178237094,659.5606740424182,660.0659236596756,24031718
2022-05-30,674.3806762695312,683.4987815396562,672.8890092715018,678.5668121550864,12624674
2022-05-31,668.3179321289062,675.944488061126,664.0115042012508,671.662083279525,13485388
2022-06-01,671.1569213867188,673.8514494290768,663.6026101139161,664.0115910132935,12091896
2022-06-02,666.4654541015625,667.860852355906,663.3378636546508,667.4999765351084,11475020
2022-06-03,664.1558837890625,673.995741003826,662.231212745682,672.8169034842749,6957244
2022-06-06,663.2655639648438,667.3795711169295,654.7008145160033,662.2311004434918,6173266
2022-06-07,655.63916015625,661.2688580365657,651.5492343077399,655.3504712553794,10253966
2022-06-08,657.9487915039062,664.4926611407994,652.9446351687653,660.7876929692908,5986588
2022-06-09,662.90478515625,664.9979118561328,653.016823143348,655.4707669191479,7311816
2022-06-10,650.1057739257812,658.2134392480132,646.4970155862447,654.4362839332251,9155430
2022-06-13,638.3170776367188,639.9530596115558,629.5117437124109,636.8735744947378,10892572
2022-06-14,631.2921142578125,638.0284630380025,627.9239398677174,630.9312384303023,11870356
2022-06-15,629.1027221679688,633.1205196838177,624.7481894734992,626.3119845887259,11810470
2022-06-16,616.520263671875,635.4060979237764,614.9323865969412,630.3297546494468,12169192
2022-06-17,620.5860595703125,625.0368609279597,611.8528538077786,613.4888357837941,14723922
2022-06-20,636.1759643554688,637.547280721459,622.703267102487,627.7795517185277,15936840
2022-06-21,643.104736328125,651.5010895040998,637.0901398592911,643.2731332819936,13220684
2022-06-22,640.0734252929688,643.2972258536737,636.6811690239211,641.0357608318419,8159698
2022-06-23,642.43115234375,648.6141463686242,634.419697319756,640.193710492177,15372244
2022-06-24,651.4049682617188,655.1821236118307,644.0671595693715,644.0671595693715,8013432
2022-06-27,652.5838012695312,662.0868649193548,650.5388382056451,659.1998582409274,9804164
2022-06-28,647.6036987304688,650.0576425546589,643.9949405371601,646.6894682409041,9770574
2022-06-29,646.6654052734375,649.9373696255954,640.5545980485462,640.5545980485462,9994046
2022-06-30,648.6141967773438,651.5012035879254,642.8401831561805,642.8401831561805,12475822
2022-07-01,651.380859375,654.3881578947369,639.9772068826776,646.6653918015329,11472452
2022-07-04,652.295166015625,654.4844443517716,645.8475054894046,651.356853526157,8487480
2022-07-05,650.8274536132812,663.6986902674247,648.7584676358872,656.3127774299695,14325718
2022-07-06,659.80126953125,660.835791929005,648.18105675633,648.6141194735643,15049078
2022-07-07,671.614013671875,672.6725592978516,661.3410345361891,664.0115392210553,17743142
2022-07-08,672.2394409179688,678.4465165399553,671.1087084709948,678.4465165399553,12474030
2022-07-11,676.5940551757812,678.3984342696596,670.3869793455802,670.7478551643559,7462880
2022-07-12,669.6892700195312,676.1609524926532,668.5344557204256,676.1609524926532,9876974
2022-07-13,653.3535766601562,670.8440115296884,651.6213846159309,668.8231306008078,15945610
2022-07-14,650.0817260742188,660.4749379498609,649.215600611124,655.350489555198,10372410
2022-07-15,655.37451171875,656.745827963444,648.0367040425124,651.0199203901375,13595646
2022-07-18,648.3976440429688,657.3232708257327,645.7512213402739,648.6141460423058,20332220
2022-07-19,648.6382446289062,653.6905062823398,643.3213172038678,643.3213172038678,15792538
2022-07-20,656.8179931640625,659.7290225107647,652.1025262039135,654.3399677588443,20347862
2022-07-21,654.7490234375,658.9592412990309,653.473917137891,654.6528133808986,12640278
2022-07-22,670.026123046875,672.19137802261,655.5429848453301,657.275177078658,12729592
2022-07-25,671.998779296875,675.8481207893232,665.5992843074539,671.2289227456433,10143126
2022-07-26,670.6275634765625,674.5971974845852,667.0428871698978,671.710190933296,8527964
2022-07-27,675.7520141601562,676.5218708292028,666.0564720450384,668.2939138771885,9212778
2022-07-28,681.7425537109375,685.182915066855,678.9277339602053,680.8764869533358,17420406
2022-07-29,690.0907592773438,692.2079091114783,680.9967358477592,691.9192202105274,20019736
2022-08-01,695.8406982421875,696.9473487376716,688.0939098286271,692.4003373551864,13193036
2022-08-02,688.190185546875,695.094931123578,684.7258011854689,693.8439067006424,15036510
2022-08-03,689.8020629882812,690.8365853805471,681.8146902206062,685.6399502739025,10975498
2022-08-04,688.984130859375,696.1053785024752,679.8659665183745,692.8815779882993,12012206
2022-08-05,686.6504516601562,691.4139653304088,683.8115502270574,689.5133762386452,9268982
2022-08-08,703.4912719726562,704.6701093644095,686.6744253124539,687.1074879975259,15357736
2022-08-10,705.5363159179688,708.0383647964982,697.2361719881424,703.154500244152,17353102
2022-08-11,714.8709106445312,717.421123242461,709.5059371613006,715.2558683433389,18301766
2022-08-12,714.6063232421875,716.6031812290219,710.1795445295438,714.5341363296417,8850370
2022-08-16,722.7861328125,725.8415362160341,716.0016794217771,719.2495616686834,12563756
2022-08-17,726.5151977539062,727.8865140946783,714.8949848396419,721.7516252798,12384350
2022-08-18,727.3812255859375,728.4398298215469,721.5831897478574,721.7515867041628,8342138
2022-08-19,718.4075317382812,727.5256370949188,716.939946608088,726.563301596116,8063702
2022-08-22,707.4849853515625,716.1460048012029,706.2098790742172,714.4378945404134,8234066
2022-08-23,705.2957763671875,710.1795824902051,697.8857805878358,699.2811789385421,14966884
2022-08-24,708.6879272460938,709.9630335639699,702.1199755407531,703.4191637412739,13455520
2022-08-25,704.838623046875,715.400291243383,701.0614676554292,712.0802217563679,11823040
2022-08-26,704.9588623046875,712.9943990116683,703.0822963230394,708.303013425697,7706176
2022-08-29,692.5928955078125,695.7685910224809,687.3962601301372,691.4380811198513,8653178
2022-08-30,715.0633544921875,716.9158385123882,694.3731420244557,695.9850421787525,10135400
2022-09-01,708.3511352539062,716.6753023262013,702.023767412422,704.7904820543832,22403136
2022-09-02,714.7747192382812,717.1805580778581,705.0069900550793,708.351141283871,12038086
2022-09-05,719.3699340820312,721.2705233742533,714.1011114947204,715.0634470829449,12131932
2022-09-06,716.6272583007812,724.9514848179847,715.2318599196605,721.2224343309452,12238696
2022-09-07,713.2350463867188,716.9400149155867,707.9422006390198,707.9422006390198,9776206
2022-09-08,720.5968017578125,721.7516160908172,713.1627836065959,716.9880436773584,11164690
2022-09-09,721.0779418945312,726.0820979884301,718.888663984653,719.92312760574,15128888
2022-09-12,718.6480712890625,723.676250465666,716.9399023895229,721.751579586768,11080492
2022-09-13,728.0549926757812,729.4022860218557,721.0540363675306,721.2224333517138,13001966
2022-09-14,735.5371704101562,740.469140368155,718.0707557473077,718.8887762504166,20219760
2022-09-15,731.7117919921875,741.4554391702014,727.5256559583752,736.1866756721654,13539372
2022-09-16,718.26318359375,728.8247925761237,713.5717978693896,723.2432582308112,20560046
2022-09-19,723.002685546875,728.4880099183553,712.1283056005058,716.4588155669953,12076038
2022-09-20,731.7117919921875,733.299669100902,726.5152154056927,728.4879914821296,10781668
2022-09-21,730.5810546875,732.0967448746909,724.1574768560039,725.6009801321287,9072304
2022-09-22,715.0152587890625,726.6354714109892,713.4514636402978,722.7139425983661,12048144
2022-09-23,695.8406982421875,709.7223749818623,691.4380019314822,708.4472687981956,15806252
2022-09-26,686.4580078125,691.1734166960763,682.2958948729614,685.8324662197185,8923486
2022-09-27,680.299072265625,692.881621797613,677.0030846314178,689.2247583187195,12639700
2022-09-28,668.6065673828125,678.7351117163325,666.8502936189362,676.5217521549752,11816132
2022-09-29,665.1422119140625,674.6933797809945,663.434101683277,671.8545371114053,14410388
2022-09-30,683.9078369140625,688.7676199193113,656.7940432846984,663.4341823816585,15781756
2022-10-03,679.9862670898438,682.22370896109,674.1641488370536,678.4224718418965,11541112
2022-10-04,699.1367797851562,701.5426186694823,686.2174367235855,687.8293370288237,11538526
2022-10-06,691.4381103515625,703.7559939592081,690.0908170525987,702.4808875755999,12549198
2022-10-07,688.454833984375,690.4516331398249,683.4265958004532,688.1901682297433,13297994
2022-10-10,680.8523559570312,686.1452011270152,672.7687143847188,677.4841817579505,13109302
2022-10-11,673.9476318359375,681.8147129301799,673.3701952846903,674.1641338324686,14521620
2022-10-12,678.350341796875,680.7802037798269,672.3357447059547,675.1745875438293,9225050
2022-10-13,670.5553588867188,676.6421426191388,665.9361602736982,674.6212615810351,14714234
2022-10-14,692.4003295898438,696.2496712414899,680.9725965615194,681.814640047817,12849920
2022-10-17,696.0332641601562,701.3501327995798,686.626410721968,690.4757528984051,18410500
2022-10-18,694.7340087890625,703.9002774553204,692.8815247929514,701.5666257336586,10561108
2022-10-19,701.8554077148438,710.8773037655702,699.3292768206403,704.4296436407238,12967040
2022-10-20,697.1158447265625,699.0886207119449,694.084464472131,694.8062160816341,7898078
2022-10-21,692.2078857421875,701.3741545079234,689.9945259278926,698.6555450817992,10492606
2022-10-24,703.0101928710938,703.9484465267632,699.7623104281301,699.7623104281301,2167794
2022-10-25,698.1262817382812,706.2580282452401,695.287380341186,703.0341691638182,13773394
2022-10-27,699.8103637695312,706.0414624275766,698.2946736608377,704.6701461335379,15937276
2022-10-28,701.8793334960938,705.8730490883848,696.442173472227,697.6931978037887,10474278
2022-10-31,720.1637573242188,720.7892989018973,705.9933903964011,708.2789372387135,12830528
2022-11-01,728.1271362304688,735.7055286941263,721.2223903997298,723.4357504196331,19073756
2022-11-02,728.5841674804688,735.34459771333,727.33314310533,729.931460645262,12720406
2022-11-03,725.3844604492188,731.4952673413037,720.3081172240958,720.6449111524606,10332352
2022-11-04,720.3803100585938,729.4984154442802,716.7474700445205,723.2913397099678,10818060
2022-11-07,725.9859619140625,727.5256752984809,717.9504248353214,726.5633397491442,9835834
2022-11-09,725.7694091796875,730.3886081201978,723.6763410840517,728.9932685473082,9269790
2022-11-10,733.6605224609375,734.7431498920162,719.3698638652188,720.3562225050898,12774182
2022-11-11,775.2333984375,787.6715724866862,740.0359673088109,743.404141412297,56722338
2022-11-14,777.1100463867188,783.3411456416203,768.906112245276,775.6424611635699,19195390
2022-11-15,779.0106201171875,781.0074781111963,772.3945632755499,781.0074781111963,11030202
2022-11-16,785.6988525390625,790.0774674383857,775.6424345375626,778.8422119111716,13578150
2022-11-17,778.6016235351562,785.0492832742325,776.5566605526772,778.5775416526076,12100930
2022-11-18,776.5567016601562,780.9353167659891,772.3945885635269,779.9729811938807,10459232
2022-11-21,768.5933227539062,775.6424423049926,765.1529614641645,773.5493742606727,8344816
2022-11-22,767.4625244140625,771.9614309133688,765.537853506441,769.8683630485893,8546314
2022-11-23,769.4594116210938,772.2742311837565,766.9813859856123,772.2742311837565,10185738
2022-11-24,781.9697875976562,785.2657749671398,769.4594259866601,772.731331473911,17197960
2022-11-25,778.361083984375,785.1214561638104,776.6529148425003,784.1591205878366,8410496
2022-11-28,769.9887084960938,773.4530928760762,767.0054918764588,771.2638148082744,16105980
2022-11-29,768.8338623046875,775.8107945409757,766.4280236025191,768.5451734076865,12638236
2022-11-30,773.9342651367188,776.0754969244954,768.4730227722782,768.4730227722782,15184806
2022-12-01,779.2511596679688,787.6715951691663,777.0859048248036,780.4540790252827,20446366
2022-12-02,773.2847290039062,778.8181584847341,772.3464753255907,774.680127315897,7811078
2022-12-05,776.0995483398438,776.8934869252123,768.0399880135933,774.6560449978288,11592622
2022-12-06,775.2333984375,776.46034090485,769.8683665111166,770.349534240186,12353092
2022-12-07,774.8966064453125,778.8181354914701,772.0095998448971,776.6769624240152,11674720
2022-12-08,779.2511596679688,782.378749996985,772.2742273955479,774.6800661101757,14803634
2022-12-09,784.8087158203125,786.637118107019,779.4917884600618,782.3787950839879,11963384
2022-12-12,790.9194946289062,795.6589852525027,780.1654070879796,781.897599252911,14434808
2022-12-13,793.1087646484375,797.2949002560491,791.5208877013886,793.9267262658304,17031702
2022-12-14,799.8211059570312,801.3849011709643,793.9268009198986,795.3703041942985,14227640
2022-12-15,785.1695556640625,803.2614512642567,782.8840088582007,797.3190413162754,18182648
2022-12-16,788.9467163085938,791.5690570624564,774.1989129626363,779.5158401167187,14647958
2022-12-19,791.4006958007812,792.3149263180803,782.4750101040391,791.0398199705028,9604542
2022-12-20,785.9395141601562,787.3830175930194,779.5880638137753,779.5880638137753,7174698
2022-12-21,778.3369140625,791.4247116571615,773.0200458484181,789.5962507751079,9269198
2022-12-22,775.66650390625,783.1005222357195,774.1989187571569,780.5503096365309,9747096
2022-12-23,768.7376708984375,771.8652612871225,762.867389080973,763.6132225912555,10693152
2022-12-26,784.038818359375,788.6339941689127,765.0567728667305,769.6278667926638,9907322
2022-12-27,784.832763671875,787.1664156857469,776.3642223890472,785.7469942121562,7926772
2022-12-28,784.207275390625,785.7469888000604,780.9834160061862,780.9834160061862,8691870
2022-12-29,789.74072265625,790.7992683070136,775.1613150243984,779.5399301962701,11012896
2022-12-30,783.413330078125,791.520995396169,779.4918009372607,791.520995396169,7122640
2023-01-02,783.6778564453125,788.994783343364,778.7940509867589,782.8598948008254,4381378
2023-01-03,788.8023681640625,790.5586422632767,780.5503292014555,780.5503292014555,8378030
2023-01-04,774.7041625976562,791.8818278494382,773.2365774595456,786.709274515468,10351600
2023-01-05,769.7240600585938,778.5535356487463,764.7680672572426,777.085950452134,10941436
2023-01-06,767.1738891601562,774.2470317456477,759.3789361975485,770.8307523930382,9092462
2023-01-09,768.6654663085938,775.4258965646997,765.0567082508069,767.9437146970364,10729340
2023-01-10,754.6154174804688,769.8684118966518,753.0275403864125,769.8684118966518,16371766
2023-01-11,765.4898071289062,768.9060865044132,750.6217114811543,754.4469717086059,15195798
2023-01-12,769.5797729492188,771.7450279982426,762.2419641719711,763.9982383478842,9250070
2023-01-13,770.1812133789062,774.6320153125537,763.1320937043018,769.2669828560861,9244546
2023-01-16,762.7952270507812,780.1172653577423,760.3893883970367,777.0858851595061,14748094
2023-01-17,774.1508178710938,775.1612584159965,759.0421385172157,764.9605254372576,10786354
2023-01-18,787.81591796875,789.8849038875674,769.7239650173195,772.2741773841957,19090642
2023-01-19,791.087890625,793.9267921137573,785.7469403162216,787.6716113274065,11172162
2023-01-20,799.1954956054688,803.0689192196495,790.751037418662,791.0878313258544,18843404
2023-01-23,805.041748046875,809.6128416563689,799.4121088854909,801.7457607178152,15444400
2023-01-24,815.8198852539062,819.139954334254,805.9559468005266,805.9800286815163,24983940
2023-01-25,793.2772216796875,814.5929177332151,791.6653214666925,813.8471429635326,14704142
2023-01-27,777.4708862304688,787.6716191971464,765.032652707376,785.2657804091282,35179948
2023-01-30,776.6769409179688,782.0419731157772,761.2073858984988,767.4625666928607,18512822
2023-01-31,771.5524291992188,780.7908258111092,767.4625036312777,779.3473226694831,18596244
2023-02-01,783.1245727539062,801.1442809848427,772.7553845415359,781.4164037954262,17302790
2023-02-02,771.4802856445312,781.6569951120864,764.4552483744704,773.7658324138648,17497106
2023-02-03,798.1610107421875,798.9789723443195,773.2365001850776,775.1611710007219,14411100
2023-02-06,794.7688598632812,803.2614827057959,792.0983552594887,798.7384939446326,11167672
2023-02-07,795.9476928710938,801.0962231951561,785.5544809008483,798.4498004893098,10264588
2023-02-08,795.8514404296875,802.6839988300309,793.9267694733884,795.9717323644562,8444826
2023-02-09,794.19140625,799.5323562116175,786.9738904271942,798.73841772385,11777336
2023-02-10,797.3430786132812,798.0167252205403,790.173667284601,793.3494214707791,8172116
2023-02-13,797.9445190429688,799.5805011250109,791.3044393965116,796.3326188427218,5736944
2023-02-14,805.3304443359375,807.1589052910266,797.7520522296284,801.1443083812574,10908592
2023-02-15,803.6945190429688,807.3994872360046,797.1746725138561,807.3994872360046,11438712
2023-02-16,800.7833862304688,809.2760083229089,799.2195911244155,805.089813874159,8062500
2023-02-17,796.7656860351562,802.6599909509282,790.5345284538475,799.2196298038508,8956270
2023-02-20,789.2835083007812,803.2854781022144,786.6130625255412,798.7384663515395,8086706
2023-02-21,792.2427368164062,799.8692342574486,786.2281396647481,789.115146297544,12389296
2023-02-22,776.700927734375,790.0533322670238,774.222960909244,788.6339109553685,10359102
2023-02-23,771.4321899414062,778.9383950431011,766.0671578181314,776.1235754720026,27882010
2023-02-24,764.551513671875,778.4813560195853,762.7471345130758,778.4813560195853,17061740
2023-02-27,766.4521484375,769.3872600713753,758.9459430133319,763.0839740657053,14312972
2023-02-28,769.6759643554688,772.4186559261975,764.4312238388164,766.0191009974646,18993992
2023-03-01,768.93017578125,776.1236104242643,767.8234664194171,775.6424426558673,14137256
2023-03-02,762.38623046875,772.7313372630384,761.2073929564784,766.981406050965,17391814
2023-03-03,777.5189819335938,779.4917579688479,764.094389910204,767.943731924865,14986234
2023-03-06,783.0043334960938,788.8504748967295,778.5535316356411,779.4917852900815,27004710
2023-03-08,784.568115234375,788.8745431955432,779.4917718675084,779.4917718675084,20099774
2023-03-09,784.6402587890625,791.9780672791738,782.859961535162,784.27938296168,20700166
2023-03-10,764.4071655273438,776.4844644274136,762.6508914747951,774.8965873418113,27387000
2023-03-13,754.7357177734375,771.6968814107662,753.0034668384583,764.0463022356049,26443550
2023-03-14,752.7147827148438,761.9772622068983,750.2849207392273,755.5536842804477,33185612
2023-03-15,741.91259765625,761.6404762620406,739.3623849761033,759.2827424375032,37264754
2023-03-16,746.7241821289062,750.188566152108,737.1730148168983,740.5171069124015,21753342
2023-03-17,756.7084350585938,759.8600484180247,740.9982970778341,749.4187322719004,22950876
2023-03-20,751.4637451171875,754.5191486294086,743.596664030981,754.4469617185391,26503114
2023-03-21,759.9803466796875,761.4479317488242,748.7931969715295,756.371588709314,33050494
2023-03-22,758.2241821289062,763.156151684689,753.1719206327385,762.1697342790129,14177324
2023-03-23,752.1373901367188,765.225129615806,749.9240302046185,754.350750068819,28364178
2023-03-24,750.9345092773438,757.3099823765483,748.1918176834523,750.6217384723866,31477748
2023-03-27,754.2063598632812,759.9803728144399,750.092410877359,751.6802291971494,31872006
2023-03-28,760.3412475585938,761.6404357125624,752.5944586072359,753.3643152523856,39276302
2023-03-29,763.9981689453125,770.8307274292553,761.1592675027767,762.1697080199377,39763612
2023-03-31,774.4635620117188,776.0994853441741,766.2115234957539,767.7512367744048,34711228
2023-04-03,774.9447021484375,777.4226689404504,771.1915704030113,773.5011989750112,40025398
2023-04-05,795.7311401367188,796.8137675382653,777.5670581774376,778.8180825386323,43365392
2023-04-06,801.7938842773438,803.1652006446278,792.5314049071793,793.2291334002176,44637344
2023-04-10,797.9926147460938,804.0312933763835,795.8514417980481,800.3022433921424,31813286
2023-04-11,800.3263549804688,803.2614665555587,794.4560730939902,798.2573101275717,42361542
2023-04-12,810.7195434570312,812.307361770148,802.4915867834721,802.5877968377349,26955504
2023-04-13,814.3523559570312,816.5657746530499,807.4716921966794,812.3555567321653,35330086
2023-04-17,801.938232421875,827.6085198214015,795.5146547856368,827.6085198214015,32405148
2023-04-18,798.5460205078125,807.0386434079419,797.00630713609,803.550177070361,29637226
2023-04-19,801.4810791015625,803.6944976892919,797.3671301762054,801.1442851788886,24741168
2023-04-20,804.46435546875,807.134801181368,801.8179329013308,804.368086679066,32922716
2023-04-21,805.7635498046875,806.8942823364474,800.3023072681698,803.0690219934318,20128618
2023-04-24,812.2832641601562,813.8710823277127,805.5228344834869,811.729909558131,35675852
2023-04-25,800.7352905273438,812.066755339811,799.6526631336261,812.066755339811,50353068
2023-04-26,804.416259765625,805.955973055451,796.3326181532963,798.738456878835,27392750
2023-04-27,808.843017578125,810.8879805910382,801.5533141495392,803.7907560168101,47790392
2023-04-28,812.0186157226562,813.6545976840637,803.5500757731439,810.6232176162707,27916272
2023-05-02,811.850341796875,817.5040632466385,809.3242109363424,812.5480115876443,32221184
2023-05-03,814.689208984375,816.0605253605099,808.1934441893474,810.7435980893194,29407270
2023-05-04,831.3616943359375,834.5614130090665,811.7781309061464,811.7781309061464,56854638
2023-05-05,782.2103881835938,799.1955750303342,780.5022191249311,788.6339660930405,62770416
2023-05-08,791.2562866210938,794.0951881063704,784.3034360962322,786.7092748572636,37244524
2023-05-09,791.2803955078125,796.813824847028,789.0910586660377,793.8787132056606,43688938
2023-05-10,794.937255859375,796.1642571593527,785.7950682892969,791.2803925786036,46340550
2023-05-11,795.466552734375,812.2112150220032,793.5659634923215,801.216542964019,35734618
2023-05-12,802.4916381835938,804.8974770572269,791.1601135942614,792.4833249747595,22478760
2023-05-15,806.3409423828125,808.7226992609494,801.1924121940802,804.5124814304968,18512260
2023-05-16,801.7174682617188,813.6412692634764,800.1113815056924,813.6412692634764,32722086
2023-05-17,797.4102172851562,803.0314612780545,791.0346460503185,803.0314612780545,30466868
2023-05-18,800.5980224609375,804.953835962047,798.1645938212387,802.0580796447568,49646942
2023-05-19,801.5227661132812,803.0314800422937,794.0521518021368,802.0581085513332,30460332
2023-05-22,798.6755981445312,804.4428118537385,794.6117249890884,800.597982910975,28334032
2023-05-23,796.8018798828125,802.8367950174272,794.9768083346355,802.5447954516952,22470074
2023-05-24,786.3868408203125,795.6095118101778,785.3160965486113,792.1053982534182,33588112
2023-05-25,783.3693237304688,788.455225154943,777.407423655138,786.3380947431477,29776930
2023-05-26,786.3868408203125,787.944211421121,779.7922252930767,787.944211421121,26635066
2023-05-29,795.9744873046875,798.6512587386072,790.7912725552128,792.5676872978805,21816292
2023-05-30,796.5828857421875,799.4543434930372,792.5920864341458,795.0498137776772,37125928
2023-05-31,783.9777221679688,795.706836766176,780.9602943063138,793.249109394473,43334270
2023-06-01,780.6439208984375,788.3822359863269,778.6971779535536,788.3822359863269,50366938
2023-06-02,781.8606567382812,785.9001722239442,779.1838851154611,784.7564131844704,17859710
2023-06-05,780.838623046875,786.7275086936293,779.889550195903,785.7541372012771,18697242
2023-06-06,778.4052124023438,783.4910548041016,774.9253973543547,782.4203699015892,32182852
2023-06-07,782.4446411132812,784.8051144822347,776.7504417142903,780.3762267164857,24949026
2023-06-08,782.9312744140625,791.350960923385,780.278861070367,780.278861070367,37395522
2023-06-09,783.8560791015625,787.7009085166137,782.1040222342899,786.4355374130215,18212578
2023-06-12,779.0865478515625,786.3868338718737,778.4294745818307,784.8051052341397,13408292
2023-06-13,780.4005126953125,783.0772840204289,773.8789124939628,773.8789124939628,27926108
2023-06-14,779.548828125,784.537356602154,778.7944415181629,783.7829699953168,20113968
2023-06-15,769.961181640625,781.5929230405386,768.4767664026215,780.6439096325554,35377476
2023-06-16,780.0355224609375,783.1746215295391,770.9101653895649,772.4432372595309,15779272
2023-06-19,780.7169799804688,785.6324943134937,777.8941787861185,784.0507655809437,24829146
2023-06-20,782.3473510742188,784.0507512165266,774.1467079853705,780.7169656771292,20005626
2023-06-21,796.023193359375,796.8262367213268,784.0507359035319,786.4841646307309,24308946
2023-06-22,799.9166870117188,806.7059888717916,797.7023024946114,798.1646301932708,56596140
2023-06-23,799.8680419921875,807.8497002925832,795.2688853504051,796.9722855006775,21339218
2023-06-26,795.9988403320312,803.3964393933287,792.6649956756461,800.5979965482512,16130314
2023-06-27,807.2169799804688,814.1766100290189,797.4589662553369,799.6003360457688,33831864
2023-06-28,815.7583618164062,817.5834334461853,808.1417176661517,812.7652324615918,59562950
2023-06-30,828.047119140625,831.6486054517263,819.2137611926184,829.3124901661796,40699016
2023-07-03,837.002197265625,855.3502267293802,832.2326530339916,833.449367439012,44104116
2023-07-04,841.0902709960938,850.2399866599931,834.0820438772298,838.778513734139,38795188
2023-07-05,814.3712158203125,837.0994145323269,812.0594587162262,835.274343134364,37165754
2023-07-06,815.1986694335938,821.4525697320477,808.0930690327465,814.2252978880014,52156544
2023-07-07,808.093017578125,815.1986175265295,806.0976179186929,810.3317601084606,19926336
2023-07-10,806.1705932617188,816.0503378295722,802.8854644229833,808.3850372058562,38398442
2023-07-11,802.2527465820312,815.6852604691176,800.8413461228718,809.3583461576029,50670426
2023-07-12,794.7334594726562,810.9644765133695,791.9107178120092,805.6352319869237,70958358
2023-07-13,798.699951171875,806.6572510904781,797.2155953198356,806.2922367876993,41913546
2023-07-14,800.354736328125,804.7835648843277,795.7312215849707,804.7835648843277,24727214
2023-07-17,817.0966796875,818.6053935606003,794.7577929158504,803.0314502823962,49252928
2023-07-18,816.4153442382812,829.3125165913748,812.7652011194812,826.3924020963348,81076818
2023-07-19,820.1141357421875,821.8905505906512,815.1986216073076,818.1673927652148,32935134
2023-07-20,821.8905639648438,823.4722926593728,817.6320636334198,818.1917641303833,56210948
2023-07-21,815.5636596679688,822.4016183376864,814.3469452719253,817.6320741412428,42154248
2023-07-24,816.8533325195312,819.8951183000274,812.813817239081,816.9019892100436,32179444
2023-07-25,825.7109985351562,826.879056170404,816.8533420034627,819.8951278192749,55992596
2023-07-26,822.8395385742188,827.1710534459679,821.5255108693627,827.1710534459679,24794358
2023-07-27,814.2982177734375,828.8257745170246,811.5240735457453,827.3170606790924,59741302
2023-07-28,799.8680419921875,812.2298721075693,798.6999842928814,808.6283856221597,41015684
2023-07-31,803.615478515625,806.3409662159895,797.5319067020986,803.0558374366854,34565006
2023-08-01,808.993408203125,811.5241504025686,803.0315076162769,805.1972354940766,35394188
2023-08-02,798.407958984375,803.7615021412346,794.830830666086,799.1379875966741,28116322
2023-08-03,792.6407470703125,803.6884896703888,789.8909607409018,798.1646183703506,57673946
2023-08-04,804.1021728515625,806.1949453417267,792.9327586465489,795.8042164551875,37388304
2023-08-07,803.6398315429688,809.4070457041624,801.8391180613743,809.4070457041624,28300918
2023-08-08,802.9828491210938,805.7569341954113,799.1623777784342,803.8588478451442,43773828
2023-08-09,803.2747802734375,805.221523152016,793.8330654303563,804.4914945725491,33361236
2023-08-10,796.1448364257812,805.099865704745,793.7844225264857,801.5957522263969,50781118
2023-08-11,787.846923828125,797.3859527425766,786.5814933374278,797.3859527425766,28225822
2023-08-14,784.0021362304688,785.9975360499187,778.8189207825898,784.0507929265752,31304410
2023-08-16,781.714599609375,783.3937010320665,769.5961724006356,770.4721710730195,34137542
2023-08-17,777.3831787109375,783.5154073300141,775.7770919586137,777.5291487912239,52884040
2023-08-18,774.1953125,776.8964420218484,771.6402124587459,772.6379419530916,25633366
2023-08-21,773.5869750976562,778.9405181779168,772.3702607612333,778.9405181779168,21837270
2023-08-22,770.2774658203125,777.7237811054864,768.963438139342,776.9207377849476,32273570
2023-08-23,772.1755981445312,774.0980425006611,765.6783552717781,768.9634840803492,36498588
2023-08-24,768.622802734375,776.8477441031978,767.0897307917666,775.4364030038525,43145792
2023-08-25,759.9597778320312,767.746749618975,758.4510639302869,766.3110504597091,30069756
2023-08-28,767.868408203125,770.2531801549441,759.9597651143588,759.9597651143588,28867238
2023-08-29,773.976318359375,775.1200179106506,769.669102242421,773.6842594017068,35538932
2023-08-30,768.3307495117188,780.6195643753474,765.8973208258516,780.6195643753474,28084204
2023-08-31,764.80224609375,770.4965046276685,760.7384322394234,768.4767470204652,100075772
2023-09-01,766.384033203125,768.4768057096691,758.9134187598048,764.5833196769412,43226776
2023-09-04,771.1779174804688,774.5360015777221,766.4813881806992,773.8303310146484,25073638
2023-09-05,766.4813842773438,773.0516417713671,764.38861183011,773.0516417713671,38712082
2023-09-06,776.507080078125,778.6971658570981,766.4813659496907,767.4060807161218,56320910
2023-09-07,783.9777221679688,785.510794150052,772.4432937501639,776.5071078478363,34208342
2023-09-08,790.0856323242188,794.7091467964383,782.3959739643648,782.7366896240351,34502210
2023-09-11,794.173828125,796.4612273788786,790.3776555229446,792.762427572447,31573022
2023-09-12,796.6558837890625,799.5759981707856,790.8886697671352,798.164597670977,39033340
2023-09-13,800.062744140625,803.8102007820438,792.61642814262,793.9305153592652,46420094
2023-09-14,799.5760498046875,803.0315068308923,795.7798770993519,800.2330637010272,23538848
2023-09-15,808.7500610351562,812.7652185519548,803.0315033597159,803.0315033597159,173411202
2023-09-18,792.8353881835938,805.464858730247,791.399629677695,804.8565015861909,37056288
2023-09-20,761.0304565429688,778.2104866731253,759.4244292708094,778.2104866731253,115474648
2023-09-21,755.9933471679688,763.5856334809762,748.0604045717047,755.8230190263404,72841442
2023-09-22,744.4588623046875,761.3711919566923,741.5874045249608,758.7430770496563,61704250
2023-09-25,745.1158447265625,749.8366724935371,742.195730377536,742.195730377536,40208754
2023-09-26,748.352294921875,749.4959944600172,742.1957087996923,742.1957087996923,27575308
2023-09-27,743.0960693359375,745.8458554975613,737.3288555163493,741.2223412220462,39338538
2023-09-28,741.5630493164062,748.3279930851168,738.9592924506106,746.5759362770035,55354188
2023-09-29,742.8284301757812,747.2815569377753,740.8816873168103,741.5629997895483,32053782
2023-10-03,733.9464111328125,743.1690816035621,732.9486816600946,743.1690816035621,38971694
2023-10-04,744.41015625,747.0625696224938,724.7966982477518,727.5951410981291,54649430
2023-10-05,747.4276123046875,755.1172706279191,745.8945403681716,747.0869560565192,48512674
2023-10-06,746.600341796875,751.9295273041055,744.5562258825445,751.4428415259151,17759356
2023-10-09,737.937255859375,744.6291848078113,735.8688414571311,743.6558133244023,16454972
2023-10-10,742.1227416992188,744.1424994102023,737.426212407623,740.0300286548502,33266292
2023-10-11,749.3013305664062,750.5424029295025,743.8991308991633,744.6778161774354,31333360
2023-10-12,754.2898559570312,755.3362421435227,745.4078415117224,747.5979272653602,22025336
2023-10-13,747.4276123046875,753.7788848660191,744.6048112974557,749.4960266639874,39745300
2023-10-16,744.4345092773438,746.794923276397,740.0056808464606,745.3592240817852,17856084
2023-10-17,750.080078125,757.1613797779257,747.0626501424497,757.1613797779257,32902558
2023-10-18,739.640625,750.0800099587005,738.8375816778204,750.0800099587005,31216200
2023-10-19,737.3045654296875,742.8041382598725,731.5860077723223,732.6567520860139,30252364
2023-10-20,741.1250610351562,743.1691173582408,732.46203118805,732.46203118805,21094010
2023-10-23,732.9730834960938,744.0208260452915,730.0772676931944,741.4657259067877,22376136
2023-10-25,728.3252563476562,741.1251158897211,725.8674694399969,740.2490577379119,28311996
2023-10-26,712.2159423828125,726.1351430280494,710.6828703798318,725.7701287135245,55561798
2023-10-27,715.0143432617188,719.3215000369331,713.9193003827721,715.1846713831347,31940532
2023-10-30,722.7769775390625,725.1373914861161,711.4858921827074,712.1429060469561,23310982
2023-10-31,718.591552734375,731.9754116576363,717.3748382868058,731.9754116576363,32634824
2023-11-01,717.6181640625,719.0538633124389,711.6562634115908,711.6562634115908,33877466
2023-11-02,718.7131958007812,725.4051249981815,714.041024388573,722.7283533192214,45225154
2023-11-03,722.1199951171875,725.84315305655,721.0979669049797,724.188409593513,18095340
2023-11-06,727.351806640625,729.0552066561768,721.7549208752405,729.0552066561768,25593730
2023-11-07,723.8233032226562,727.1084316790375,718.9320882014275,727.1084316790375,41952848
2023-11-08,725.9161376953125,726.8407930714139,720.7815793854345,722.2172785513859,31399546
2023-11-09,723.044677734375,726.4271198457463,721.9982915168673,723.2150058605088,22116740
2023-11-10,725.8917846679688,728.0818705084018,720.3192566823748,720.3435553235623,14015186
2023-11-13,724.5776977539062,728.0574529993991,723.1662973344708,726.1837249264701,20605914
2023-11-15,732.1700439453125,735.3577999173147,730.2963157159859,732.0240144584016,41245460
2023-11-16,734.0924682617188,739.275683586882,731.8537256048544,734.7494821683149,29713838
2023-11-17,732.5107421875,733.6787999200959,724.6751131549073,725.1617989259986,23701874
2023-11-20,732.5593872070312,736.355559924993,730.7830316987671,736.355559924993,19331452
2023-11-21,738.7645874023438,740.7356883923068,735.9174877356371,739.2756311878541,24959972
2023-11-22,736.136474609375,739.7622592873266,731.756303337279,739.7622592873266,29123650
2023-11-23,740.3950805664062,741.6360936254299,734.1654789893513,734.1654789893513,13046220
2023-11-24,745.6511840820312,746.1622278549652,739.6892839772345,740.3462978210936,16469192
2023-11-28,743.9722290039062,748.1577148272565,742.5851864137691,747.1599852149395,28489338
2023-11-29,758.8160400390625,760.6897681490088,746.0891967833849,746.5272258063289,34042488
2023-11-30,758.6456909179688,765.2889031775027,750.5423621524202,763.6828760176745,69491440
2023-12-01,756.9910278320312,762.028213465217,755.3849410922298,758.2077422076743,22153536
2023-12-04,783.2720336914062,784.5374047202694,765.873018667368,772.8569470817542,50662456
2023-12-05,790.2316284179688,797.6779441560443,786.7275147823341,796.4612297811876,52230820
2023-12-06,792.22705078125,797.4102062498663,786.8004930390686,797.4102062498663,38613060
2023-12-07,793.5167236328125,795.2444817359088,786.5814519897668,790.86431017188,20450386
2023-12-08,804.5888671875,805.4649253113081,793.5167662504412,793.5167662504412,33728038
2023-12-11,803.5181274414062,809.6990123500813,801.5713845523902,803.0557997692163,23187620
2023-12-12,795.5364379882812,806.0731953368484,794.1980523054578,805.0754658820659,36581476
2023-12-13,793.7357788085938,796.2178641804811,786.0461204150259,794.4901060535459,29346914
2023-12-14,803.1044921875,807.3872910879392,800.5980487244109,801.0847344683164,35172366
2023-12-15,806.2192993164062,811.7918273650013,801.3767404796611,803.0314839042278,138837130
2023-12-18,805.8056030273438,810.1857749432232,803.4938456272962,808.2390318694991,18014754
2023-12-19,804.44287109375,807.2413140972394,800.135714179051,803.0314705665357,24008446
2023-12-20,806.4382934570312,812.2541644467366,800.3303634873538,806.9249792104754,34232520
2023-12-21,820.8927612304688,822.3771764061897,803.1530909094922,806.438219443738,36589240
2023-12-22,813.1788940429688,820.5035385294108,811.3538224343752,819.3841375121868,48578850
2023-12-26,818.824462890625,820.5278631124984,812.0595781088068,814.3469774999401,18045856
2023-12-27,828.9718627929688,830.5292334309963,816.9506891067552,818.3620896655261,27009078
2023-12-28,829.9208374023438,837.7808237889657,828.3391087868577,831.8919383640549,44076470
2023-12-29,831.8676147460938,834.6174011041943,825.4190285852712,825.9057143332578,25011426
2024-01-01,826.4409790039062,831.8188797770368,823.472208102533,830.2858079331686,14239686
2024-01-02,826.9276733398438,828.7284461026671,821.8661301022644,826.7817032735886,29242092
2024-01-03,814.176513671875,829.653083176837,812.2540695245034,828.3390555600513,28389762
2024-01-04,822.91259765625,824.9079973714623,813.1058678027235,816.6586975811834,26734056
2024-01-05,818.7027587890625,829.7505611476026,811.8405014795056,821.1118889384027,31889470
2024-01-08,809.5773315429688,818.7757034690097,807.8982895845903,816.901975342009,17998470
2024-01-09,803.2747802734375,816.5613241836867,801.4497088247701,811.3781093874959,25326888
2024-01-10,805.92724609375,807.8739890989318,798.8460040583302,799.6246893784266,16115824
2024-01-11,802.5447998046875,809.309743595266,799.6246853117656,807.8983430417109,18314010
2024-01-12,798.7485961914062,805.95156875827,795.0497965259408,804.0048258385641,19773552
2024-01-15,814.1278686523438,818.0700109690749,799.9166104629336,801.9120099654888,28320356
2024-01-16,817.2183837890625,819.4084696501124,806.9736250528656,814.2252545636514,25322500
2024-01-17,748.279296875,777.1397839265529,743.8504686909188,764.0965828252033,170145236
2024-01-18,723.2880249023438,737.32889662945,720.3192537681881,727.1084960821111,161070930
2024-01-19,715.744384765625,735.0171279009493,714.6493418669147,732.924355486129,109600538
2024-01-23,694.6708984375,717.7154569857805,693.5271987986505,712.9946289403671,115469402
2024-01-24,708.5657348632812,709.8067477739886,671.7479491345199,671.7479491345199,86004404
2024-01-25,698.3453979492188,709.27146932584,690.8017687875753,706.9110553088505,98941852
2024-01-29,707.9573974609375,711.9238979776146,703.6502407027771,704.7452835773879,65645498
2024-01-30,702.920166015625,712.1184780311422,701.2654227872154,707.9086943394356,41728768
2024-01-31,711.8021850585938,717.837040132351,699.2700284462816,700.5840560552732,65761040
2024-02-01,713.651611328125,717.1800828855794,708.6387839338071,713.0189555223712,32690740
2024-02-02,703.8206176757812,720.7085896391353,701.8252179588541,717.8614898495053,44867754
2024-02-05,703.1879272460938,706.6190857097415,697.931756543557,703.7476277670278,38605046
2024-02-06,702.8228149414062,705.5482430083341,697.2259293320517,703.5285448598157,41075740
2024-02-07,695.9362182617188,707.5437201567751,694.330191039234,707.1543478186637,54837086
2024-02-08,682.844482421875,700.3164537570308,681.6034099643059,695.8876252029665,69106124
2024-02-09,683.112060546875,688.2709172654594,675.033089526087,677.5395328507874,56642124
2024-02-12,676.4931640625,688.0032934481292,673.2566920790741,681.18969323455,34447812
2024-02-13,678.658935546875,683.4771364619307,673.7434212435891,677.4422211445823,57580994
2024-02-14,673.597412109375,677.2231970540489,663.6203545889955,669.6795681971766,91320810
2024-02-15,688.197998046875,688.903668609651,673.7433958465795,674.0597534612269,41584944
2024-02-16,691.0451049804688,694.8412181662663,685.4725175238648,692.9918479710976,32175742
2024-02-19,689.6823120117188,695.4738838784058,688.7575972750415,695.4738838784058,34451756
2024-02-20,707.787109375,709.222808572302,687.102965017942,688.6603356526384,56133508
2024-02-21,700.413818359375,712.5079475266035,698.3940605878935,712.5079475266035,45893136
2024-02-22,690.8748168945312,695.3766603212918,687.2976289140083,689.9987587340186,50560882
2024-02-23,691.3857421875,697.85868621692,690.1203711604371,692.334815015207,29833452
2024-02-26,692.213134765625,698.3210050066913,687.9546346452112,687.9546346452112,23506870
2024-02-27,691.1668090820312,694.3545652339111,687.7113519923358,687.9546948776648,32087150
2024-02-28,685.9348754882812,693.1377886016653,683.3067606806109,691.1667470533215,25321986
2024-02-29,683.0147705078125,686.4215706434694,680.0459994144303,682.3820552900959,53295700
2024-03-01,696.3256225585938,697.2989940386686,681.360036052442,681.360036052442,34738898
2024-03-04,697.274658203125,699.3674307159147,693.186545384466,696.422958130924,35616474
2024-03-05,701.2411499023438,702.2875361451739,691.8968072809968,692.0671354112525,37991672
2024-03-06,702.0928344726562,707.0813632922424,697.6883641851937,697.6883641851937,42409530
2024-03-07,703.7962646484375,706.205394802925,701.5088653436588,703.5042650748312,49348046
2024-03-11,694.889892578125,703.7231908402335,692.553777365576,695.9605773947812,50531094
2024-03-12,710.3421630859375,712.5078907659129,695.5955620745772,697.9073192338245,65418454
2024-03-13,710.755859375,716.2067158438075,705.7429725398497,713.2379447418698,63067454
2024-03-14,708.3467407226562,713.4812990740788,702.9202422173576,711.5832127948388,52432158
2024-03-15,706.9840698242188,710.2205419583659,701.9225261192986,705.6943406988961,143613804
2024-03-18,703.7719116210938,708.6144107880084,698.7833829737194,704.2342392927528,21437856
2024-03-19,705.3779296875,706.8623448833252,698.6373444116205,698.6373444116205,36183594
2024-03-20,696.4716186523438,706.4973325344582,693.3568181834665,705.2319615530049,43606094
2024-03-21,703.6259155273438,706.3026871236781,700.0001304926251,702.0928435492851,28922860
2024-03-22,702.2144775390625,706.0593065998343,699.7323922549797,701.3141208411934,45980326
2024-03-26,693.7218017578125,699.8296715860995,692.1400732485544,694.597800363169,56844290
2024-03-27,701.1681518554688,704.6966236214441,691.7021375713913,692.8215385852401,62168668
2024-03-28,704.6723022460938,710.8045307526719,701.1681292352769,701.1681292352769,55592142
2024-04-01,715.67138671875,717.2774734382766,708.4197572494843,709.5878149173326,25199570
2024-04-02,720.367919921875,727.5221766350272,712.1429189199621,713.0676337207477,41225446
2024-04-03,721.414306640625,727.9115494819865,716.109420115624,716.450076374618,45584386
2024-04-04,743.461181640625,744.6292393883092,731.9754091764817,731.9754091764817,88935066
2024-04-05,754.1439208984375,756.5529915753328,744.7022055513205,749.0093625181328,59055902
2024-04-08,752.7081909179688,757.8914061879058,750.2504634550537,756.7720051664586,20482940
2024-04-09,753.6572265625,756.7233110790663,749.6420692068525,756.7233110790663,21884494
2024-04-10,747.7196044921875,754.3142198543229,746.0648611390807,754.3142198543229,27807400
2024-04-12,739.2512817382812,744.5561681914903,736.5745101656407,740.2490112702176,41084208
2024-04-15,727.4490966796875,734.8954117012732,726.1594270943376,728.8361984614614,23415248
2024-04-16,734.530517578125,736.3069325670494,721.3900014445425,723.7017589124875,20744886
2024-04-18,727.4490966796875,739.2025682918519,725.6727413912242,734.7980983246009,34234884
2024-04-19,745.2619018554688,747.0382572891224,720.4165709168466,723.4827148610226,34576434
2024-04-22,735.9661254882812,757.9643557818745,734.0680986992392,757.9643557818745,42298438
2024-04-23,733.7274169921875,742.9257894510552,731.6103458842442,742.8284760660457,26827060
2024-04-24,735.7227783203125,740.613993564681,734.4331086916868,737.3288649584306,22441580
2024-04-25,735.260498046875,739.616311752735,733.0704121681982,733.0704121681982,35445204
2024-04-26,734.7981567382812,743.6558134751455,732.729742335618,739.6650141563123,24854694
2024-04-29,744.3858642578125,746.7949349875348,733.216449914726,737.3289207914913,36093350
2024-04-30,739.8109130859375,749.2526274508922,737.2801712358929,744.2397410284531,52307382
2024-05-02,745.7241821289062,748.0359392606487,739.9326102747762,740.7356535814621,33475006
2024-05-03,739.5675659179688,749.7879654532404,733.532651453262,746.2108374978702,31865242
2024-05-06,741.0520629882812,746.819277196089,738.3752913854279,740.7357053714223,28793396
2024-05-07,733.021728515625,741.7334150168236,732.0483570497901,740.7113274497933,28480602
2024-05-08,721.5845947265625,728.5441648774708,720.465193806477,728.0574791574124,41687862
2024-05-09,704.4776000976562,723.5800151607533,703.4069152466064,717.83709973452,46281278
2024-05-10,709.361572265625,716.2928456267198,703.8856031439476,709.9042250216206,27276608
2024-05-13,717.9208984375,720.1655815796556,705.6122976051453,706.4509373389452,27047202
2024-05-14,720.7328491210938,722.9775322143812,715.4789152317669,716.4408878596623,25665142
2024-05-15,709.6575927734375,720.116199874965,708.3256213801538,720.116199874965,38931996
2024-05-16,720.3875122070312,721.5221990437014,708.1775543730138,713.3822271543565,34945236
2024-05-17,722.286865234375,724.210870736283,713.4562165510583,713.4562165510583,20920190
2024-05-21,719.6721801757812,725.0494465734148,715.3801590157026,715.3801590157026,43769978
2024-05-22,719.8695068359375,723.0268413842214,714.4182283327197,719.203521164468,39996278
2024-05-23,736.3468017578125,737.8514873644924,718.808897899437,719.5982164877166,40861920
2024-05-24,748.4827880859375,749.814819731989,733.0908640200075,733.8308615274302,31060206
2024-05-27,753.6627807617188,762.1974428837648,749.3955099218479,751.5168000055969,29385440
2024-05-28,755.0440673828125,757.7820820455768,752.2321011517142,754.846722684579,27908904
2024-05-29,744.0921630859375,751.763434227272,740.6141508121484,748.8774560751649,35147706
2024-05-30,747.3234252929688,751.6400771573121,738.8381451452329,739.6027730570852,33755350
2024-05-31,755.5620727539062,757.7573743920395,746.9040786650703,749.370736784836,74079588
2024-06-03,775.615966796875,788.8372786068238,764.6640286682782,788.8372786068238,72637256
2024-06-04,731.6848754882812,769.1040704644005,717.3042453208712,768.1174071283333,89531240
2024-06-05,765.5520629882812,769.4000136473305,731.2901444599279,737.062160780223,81631650
2024-06-06,769.4493408203125,772.2859977724349,762.9867083301413,772.0147015010076,46422870
2024-06-07,776.1832885742188,781.6099363682906,765.675361251112,770.115345809898,36712216
2024-06-10,770.23876953125,779.784725413951,768.4134061980604,776.5040577255814,22454058
2024-06-11,771.9653930664062,775.0240252200629,765.7493660748642,767.6240504407497,29545326
2024-06-12,776.5780029296875,783.5586575880445,772.7546827700062,776.9973227739393,39280436
2024-06-13,779.8340454101562,782.2760131134276,776.5040566032491,780.3273770852536,24120192
2024-06-14,787.8013305664062,788.8373149959045,778.329326673916,781.4373401835603,25540554
2024-06-18,793.1785888671875,794.5105601294592,784.1259056214269,787.8012622589033,32415714
2024-06-19,817.869873046875,823.8145435842582,791.3039754417663,795.941305047812,90131196
2024-06-20,823.5431518554688,829.5124525875813,814.983860042712,823.7651872236406,41408742
2024-06-21,821.7672119140625,825.2698546527171,810.6179284522095,825.2698546527171,51630776
2024-06-24,825.0478515625,826.3798229097616,811.9005512360641,812.5172157896385,28544994
2024-06-25,844.2631225585938,847.025767804676,824.4065232844747,824.4065232844747,74521548
2024-06-26,839.40380859375,844.041138181783,834.2731473521208,842.5857736709851,47596666
2024-06-27,836.7644653320312,845.0770913433391,832.0531241260426,836.7397746618053,55074650
2024-06-28,830.671875,841.9198007397313,828.3038589383985,837.4798157900913,26476046
2024-07-01,841.2290649414062,842.2651095333842,828.7971320491276,828.7971320491276,21187024
2024-07-02,853.7597045898438,855.8810546817267,840.0204307746837,846.0637432263002,45921690
2024-07-03,872.531005859375,885.0369507276009,870.5576793248654,883.5569558267186,123217802
2024-07-04,852.0578002929688,868.1404005851939,850.9231133709549,868.1404005851939,45848658
2024-07-05,813.0598754882812,831.2638253093144,810.1492067263514,831.2638253093144,82242548
2024-07-08,806.7698974609375,816.4391857049037,802.7246020410699,811.678583484828,39087800
2024-07-09,807.3372192382812,812.3691778178521,799.369901303005,801.6639054458949,48550878
2024-07-10,802.20654296875,809.063864597064,799.5672308205436,804.1058576798249,45507182
2024-07-11,800.1346435546875,802.0832795528332,789.8239996598078,801.1459373403621,44177074
2024-07-12,800.5292358398438,808.2745787950348,794.8312914757237,800.1839277769812,56049960
2024-07-15,800.2332763671875,804.031966294815,796.8292758573642,800.9239527377698,33375694
2024-07-16,799.0739135742188,802.6505679180453,797.6186093434653,799.5672452078501,28950324
2024-07-18,796.6320190429688,801.1459557272271,788.9113662252444,793.2773395385489,33717064
2024-07-19,792.9319458007812,800.677228233124,791.0572615353138,797.2239068544229,26002152
2024-07-22,810.3218994140625,814.4905276323838,795.5712715150735,797.7172520784763,53744822
2024-07-23,798.407958984375,812.9119216218081,791.7973027922226,812.7885887086006,52002152
2024-07-24,791.3286743164062,799.6906218755655,783.4353677463822,793.3513220807449,61728206
2024-07-25,797.5198974609375,801.6638951787058,785.8772830890329,785.8772830890329,25535732
2024-07-26,798.2846069335938,800.0605887969758,787.5792741911353,791.7972838101718,43810540
2024-07-29,791.822021484375,805.0432741154053,788.4920327099303,796.7306475152811,51001148
2024-07-30,797.0020141601562,806.4739582617092,788.8373508245744,790.317345854264,54595834
2024-07-31,797.1006469726562,803.0946388161857,793.8693004409521,796.2373165488889,37820484
2024-08-01,808.471923828125,814.0219048337823,798.1859108540549,800.627938629233,26215174
2024-08-02,818.51123046875,824.1105327295066,804.6239322848401,804.6239322848401,44119238
2024-08-05,797.1006469726562,812.0239300120638,789.824004829474,809.1132611105608,41333634
2024-08-06,789.922607421875,805.5858871810888,786.0253355957136,804.1305829139676,45116050
2024-08-07,800.9239501953125,804.1306059860544,790.4159617464212,797.7172944045706,42346264
2024-08-08,810.3958740234375,815.6252376687839,798.8272709671206,801.1705962949537,33976950
2024-08-09,814.0958862304688,820.1885804457108,811.9252750900921,814.9839073123685,26644618
2024-08-12,818.9797973632812,826.7990913723679,812.6898193077751,814.9838233487179,39316196
2024-08-13,790.9093017578125,805.3146225179424,789.8980079765901,803.1439511462899,54055042
2024-08-14,793.1785888671875,796.0891971974215,790.9092152779186,792.5372336839343,32334428
2024-08-16,805.1665649414062,806.177918901087,794.7572792867222,803.3905830654421,27849246
2024-08-19,804.895263671875,807.9045746403995,801.0225621096914,807.9045746403995,19502164
2024-08-20,807.92919921875,812.0238759013653,802.8725499307859,802.8725499307859,31134494
2024-08-21,802.05859375,806.3752455426795,798.1119406824072,803.1932203742449,47630904
2024-08-22,804.77197265625,808.2252943260683,803.1439540663039,805.1172807347715,21300638
2024-08-23,801.6885986328125,806.1038926835937,800.6772446912317,806.1038926835937,20333422
2024-08-26,809.0392456054688,812.9858989531632,805.2159251748899,805.2159251748899,22364266
2024-08-27,807.9539184570312,812.714580974844,805.2159036816922,810.7412543536698,35773244
2024-08-28,807.6332397460938,808.9405806750858,804.2292392849356,807.9539173658313,26921188
2024-08-29,808.3485717773438,811.2345497877237,804.6979056469421,810.0505418236547,49052604
2024-08-30,807.5346069335938,819.9172195651064,799.7646332824804,816.9572296027775,445342100
2024-09-02,802.6258544921875,812.4185353190471,800.7758609185206,812.4185353190471,34049680
2024-09-03,807.7565307617188,809.0391809529892,801.4665524914798,806.1038818486695,37282860
2024-09-04,809.9519653320312,811.4319603519671,805.1172908451134,808.5706125582972,24682744
2024-09-05,811.7525024414062,813.947864316631,810.0505324148638,812.0238589250097,22876318
2024-09-06,807.5592041015625,812.8872099026286,806.1532209716318,808.2252499925564,26029602
2024-09-09,812.2705688476562,813.2572321563082,804.1799176724811,808.0772497858858,23792914
2024-09-10,814.169921875,815.9705945420105,808.0772877024264,815.9705945420105,26606646
2024-09-11,810.9879150390625,815.2305552034559,808.6692201411954,814.1945707781381,22226684
2024-09-12,822.1865234375,823.8638631072175,812.541925723635,815.970556634334,32424046
2024-09-13,821.8658447265625,825.8371886289187,817.4752411837702,825.8371886289187,23860532
2024-09-16,824.3324584960938,827.7118283198007,820.9285184448568,822.383822656841,15172820
2024-09-17,823.2718505859375,827.8104775064535,820.9778464556504,827.8104775064535,20127122
2024-09-18,836.0985107421875,838.1211584780381,824.4065144173259,824.7765131575844,40917342
2024-09-19,842.8571166992188,848.0370989791965,838.2444778560398,838.2691083056365,30651776
2024-09-20,858.989013671875,860.8390072921377,842.3884524296358,846.8037464482039,60623386
2024-09-23,868.1650390625,871.3963251528371,858.5203814686755,862.8370332933276,26965350
2024-09-24,872.2350463867188,878.9443447710721,865.4270455398441,870.7303607683197,33039036
2024-09-25,877.6863403320312,882.0770041306025,868.3377295053485,868.3377295053485,31965312
2024-09-26,879.832275390625,882.0769584056752,872.2350164313859,874.7016745924757,31899644
2024-09-27,864.6377563476562,877.2423442796407,863.3304153886946,876.6503703689774,35613502
2024-09-30,854.47509765625,864.0456833682003,850.701098537286,862.738402689165,26383534
2024-10-01,851.5890502929688,859.3837142697525,848.5797393423385,850.5037447767241,24572284
2024-10-03,829.7838134765625,851.5644172954591,825.5164827720641,846.3844351066934,48473398
2024-10-04,817.771240234375,834.0511850540141,815.4772359655595,826.083866681385,48683232
2024-10-07,798.1119384765625,818.4371776300311,795.7439225540929,815.0824984433904,94458296
2024-10-08,814.5151977539062,817.351854577489,800.1838900610866,804.1305430330278,29734406
2024-10-09,805.6846313476562,817.3272467507278,803.4892692768091,813.750592132383,41125642
2024-10-10,820.114501953125,821.6191272702827,805.363874384187,808.5705299330368,21754766
2024-10-11,814.4906005859375,821.1258875682706,810.6672800804614,821.1258875682706,23672594
2024-10-14,832.7931518554688,834.741848018609,815.9705545228965,816.9819085005773,18527508
2024-10-15,830.81982421875,837.6771462351046,826.5771840500105,835.7038196244212,19651130
2024-10-16,838.565185546875,842.585790426718,828.8465156450762,828.8465156450762,20470682
2024-10-17,825.4178466796875,837.5044718768119,821.4958240034423,836.1724403142362,14695732
2024-10-18,829.7098388671875,834.2238355924767,816.0198853262701,820.4598702584595,24809724
2024-10-21,852.8223876953125,862.4177242903107,844.1151323678729,846.063768270474,46548354
2024-10-22,845.841796875,858.3970631644344,843.9424218629189,853.4884373802005,38875280
2024-10-23,856.3251342773438,861.603759041874,841.1551854708522,841.1551854708522,38036090
2024-10-24,863.15771484375,872.5310159915173,857.4597103207274,857.4597103207274,30832258
2024-10-25,860.0744018554688,867.2030200365818,852.8223905419693,865.7970368926951,26130478
2024-10-28,855.5357055664062,863.8237012026692,852.9210840084185,859.383716444917,22012142
2024-10-29,864.2430419921875,870.2370336046123,851.0464203091243,851.5644426318723,35794926
2024-10-30,855.7330932617188,865.6737383463702,850.6024319063034,859.3837596235229,32715724
2024-10-31,856.2756958007812,857.8543931673494,848.234426273393,852.4770662952162,22895912
2024-11-01,857.0651245117188,860.419743696405,851.5397737386437,854.9437742666823,1759692
2024-11-04,845.6197509765625,860.8637106769045,844.0411138190809,860.8637106769045,28089248
2024-11-05,867.2030029296875,869.5956493162819,837.6277954866241,840.1437747820238,44232406
2024-11-06,865.92041015625,873.9370497603172,861.0364145993881,873.9370497603172,27787910
2024-11-07,861.62841796875,868.7323455565536,857.4104082699865,860.5184217555121,18895456
2024-11-08,865.5256958007812,869.1517316326272,861.2830556229201,864.3170573375987,19902986
2024-11-11,871.3717041015625,879.5116762015548,863.9223481240455,865.5750573030832,24565362
2024-11-12,847.6423950195312,875.6636561032956,842.9311140165652,874.1836611915717,31395406
2024-11-13,829.463134765625,853.1677439816382,825.3438276461692,846.9270867373347,35728500
2024-11-14,835.087158203125,841.05645917869,824.8998474928816,825.39317914741,27146470
2024-11-18,841.1797485351562,847.987749103584,836.1971111266544,838.6637692715708,27081968
2024-11-19,859.507080078125,865.1803941380466,839.9957889401087,845.5704607570133,50981272
2024-11-21,858.989013671875,867.7703408111802,855.5356922473849,863.0343691875372,35716512
2024-11-22,861.1597290039062,865.4517505554312,853.2417920363309,860.1484352390544,24773612
2024-11-25,880.8929443359375,889.7482832055338,870.6810037082952,880.6216480727867,427737274
2024-11-26,880.8683471679688,892.9302818593218,873.0983737208503,892.9302818593218,30935566
2024-11-27,894.06494140625,896.5562300169572,880.6709755435701,883.0143007972586,32714976
2024-11-28,884.6176147460938,905.8061839354122,882.07694483503,897.3702251985009,35722392
2024-11-29,886.04833984375,890.2662893460416,879.561016559754,888.6383310231244,27669536
2024-12-02,890.3156127929688,892.0176431336934,875.6636867426915,889.7236388960249,15110876
2024-12-03,900.9715576171875,906.4475265301775,895.9395389832724,899.1955156163089,43410242
2024-12-04,917.6461791992188,920.0635162996781,903.3642521901575,906.7435619082082,44669084
2024-12-05,920.4335327148438,927.4388181075851,905.3622266087298,917.596875706611,39682714
2024-12-06,915.5494995117188,919.6688066050771,909.7035317020062,916.1168429341786,17783156
2024-12-09,922.5301513671875,927.4634676846591,912.1701871004972,914.4641912323508,26947912
2024-12-10,921.5928344726562,926.3288062229569,916.881553393078,926.3288062229569,13325480
2024-12-11,919.1261596679688,923.4675021564423,915.9935158212785,918.4354833328279,14045426
2024-12-12,917.2268676757812,921.864197216933,912.0221946944998,913.1568815747593,17293790
2024-12-13,923.3934936523438,924.9968214762359,902.4268990322158,918.8301759997277,19009002
2024-12-16,920.1621704101562,922.5054957499956,915.2535445762154,920.1128492893367,13107082
2024-12-17,904.4002685546875,918.7562078618506,901.0702798391582,915.7962178924912,21079532
2024-12-18,893.2755737304688,905.7568882727958,891.5242825465077,902.7228866518356,23422312
2024-12-19,884.790283203125,888.5395915672278,877.6369745293333,887.7995941182149,25380770
2024-12-20,873.93701171875,886.7883251977108,871.7417099804251,879.2156362475025,25692348
2024-12-23,888.4902954101562,890.956953642833,878.7716860618692,879.1169941259847,11044592
2024-12-24,887.0596313476562,892.2889348142179,882.8416818560752,889.0083275055933,14485834
2024-12-26,883.4336547851562,893.916952377888,878.5003382709294,887.2816657547127,10481678
2024-12-27,887.1336669921875,890.9322967259654,882.6196702111419,885.4316968356189,7259330
2024-12-30,877.0943603515625,895.3969526845203,873.6903598921683,884.1489668763874,22222218
2024-12-31,874.60302734375,879.0183818635131,871.0263727843891,873.3450677348718,14117236
